soil,specimen,cube_index,origin_xyz,cube_size,axis,porosity,spanning,phase,status,tortuosity,runtime_s,solver_settings,message,input_path,pore_label
Vertisol,bnei_reem_specA_unified,0,"5,5,5",128,0,0.0960016250610351,y,original,ok,7.93900055830659,11.38359859981574,"porespy3.0.4 tortuosity_fd default: openpnm3.6.3 PyamgRugeStubenSolver(tol=1e-8,maxiter=1000)",,E:\PROJECTS\Yael_Mishael\Rony\remote_computer backup\nnUNet_resources\bnei_reem_specA_unified\inference_concatenated\bnei_reem_specA_unified.nii.gz,5
Vertisol,bnei_reem_specA_unified,0,"5,5,5",128,1,0.0960016250610351,y,original,ok,8.095526607127185,15.408240999793634,"porespy3.0.4 tortuosity_fd default: openpnm3.6.3 PyamgRugeStubenSolver(tol=1e-8,maxiter=1000)",,E:\PROJECTS\Yael_Mishael\Rony\remote_computer backup\nnUNet_resources\bnei_reem_specA_unified\inference_concatenated\bnei_reem_specA_unified.nii.gz,5
Vertisol,bnei_reem_specA_unified,0,"5,5,5",128,2,0.0960016250610351,y,original,ok,39.62888982646464,12.112898600054905,"porespy3.0.4 tortuosity_fd default: openpnm3.6.3 PyamgRugeStubenSolver(tol=1e-8,maxiter=1000)",,E:\PROJECTS\Yael_Mishael\Rony\remote_computer backup\nnUNet_resources\bnei_reem_specA_unified\inference_concatenated\bnei_reem_specA_unified.nii.gz,5
Vertisol,bnei_reem_specA_unified,1,"5,389,389",128,0,0.159365177154541,n,original,no_spanning_path,,,"porespy3.0.4 tortuosity_fd default: openpnm3.6.3 PyamgRugeStubenSolver(tol=1e-8,maxiter=1000)",,E:\PROJECTS\Yael_Mishael\Rony\remote_computer backup\nnUNet_resources\bnei_reem_specA_unified\inference_concatenated\bnei_reem_specA_unified.nii.gz,5
Vertisol,bnei_reem_specA_unified,1,"5,389,389",128,1,0.159365177154541,y,original,ok,2.665123543308297,14.253883500117809,"porespy3.0.4 tortuosity_fd default: openpnm3.6.3 PyamgRugeStubenSolver(tol=1e-8,maxiter=1000)",,E:\PROJECTS\Yael_Mishael\Rony\remote_computer backup\nnUNet_resources\bnei_reem_specA_unified\inference_concatenated\bnei_reem_specA_unified.nii.gz,5
Vertisol,bnei_reem_specA_unified,1,"5,389,389",128,2,0.159365177154541,y,original,ok,4.9319434107866345,12.85676799993962,"porespy3.0.4 tortuosity_fd default: openpnm3.6.3 PyamgRugeStubenSolver(tol=1e-8,maxiter=1000)",,E:\PROJECTS\Yael_Mishael\Rony\remote_computer backup\nnUNet_resources\bnei_reem_specA_unified\inference_concatenated\bnei_reem_specA_unified.nii.gz,5
Vertisol,bnei_reem_specA_unified,2,"133,261,5",128,0,0.1559243202209472,y,original,ok,7.757813598692692,19.581252899952236,"porespy3.0.4 tortuosity_fd default: openpnm3.6.3 PyamgRugeStubenSolver(tol=1e-8,maxiter=1000)",,E:\PROJECTS\Yael_Mishael\Rony\remote_computer backup\nnUNet_resources\bnei_reem_specA_unified\inference_concatenated\bnei_reem_specA_unified.nii.gz,5
Vertisol,bnei_reem_specA_unified,2,"133,261,5",128,1,0.1559243202209472,y,original,ok,8.043642397539525,26.90368020022288,"porespy3.0.4 tortuosity_fd default: openpnm3.6.3 PyamgRugeStubenSolver(tol=1e-8,maxiter=1000)",,E:\PROJECTS\Yael_Mishael\Rony\remote_computer backup\nnUNet_resources\bnei_reem_specA_unified\inference_concatenated\bnei_reem_specA_unified.nii.gz,5
Vertisol,bnei_reem_specA_unified,2,"133,261,5",128,2,0.1559243202209472,y,original,ok,11.155982702325192,23.800430899951607,"porespy3.0.4 tortuosity_fd default: openpnm3.6.3 PyamgRugeStubenSolver(tol=1e-8,maxiter=1000)",,E:\PROJECTS\Yael_Mishael\Rony\remote_computer backup\nnUNet_resources\bnei_reem_specA_unified\inference_concatenated\bnei_reem_specA_unified.nii.gz,5
Vertisol,bnei_reem_specA_unified,3,"261,5,389",128,0,0.1145329475402832,y,original,ok,15.27769795753205,15.194911899976432,"porespy3.0.4 tortuosity_fd default: openpnm3.6.3 PyamgRugeStubenSolver(tol=1e-8,maxiter=1000)",,E:\PROJECTS\Yael_Mishael\Rony\remote_computer backup\nnUNet_resources\bnei_reem_specA_unified\inference_concatenated\bnei_reem_specA_unified.nii.gz,5
Vertisol,bnei_reem_specA_unified,3,"261,5,389",128,1,0.1145329475402832,n,original,no_spanning_path,,,"porespy3.0.4 tortuosity_fd default: openpnm3.6.3 PyamgRugeStubenSolver(tol=1e-8,maxiter=1000)",,E:\PROJECTS\Yael_Mishael\Rony\remote_computer backup\nnUNet_resources\bnei_reem_specA_unified\inference_concatenated\bnei_reem_specA_unified.nii.gz,5
Vertisol,bnei_reem_specA_unified,3,"261,5,389",128,2,0.1145329475402832,n,original,no_spanning_path,,,"porespy3.0.4 tortuosity_fd default: openpnm3.6.3 PyamgRugeStubenSolver(tol=1e-8,maxiter=1000)",,E:\PROJECTS\Yael_Mishael\Rony\remote_computer backup\nnUNet_resources\bnei_reem_specA_unified\inference_concatenated\bnei_reem_specA_unified.nii.gz,5
Vertisol,bnei_reem_specA_unified,4,"261,517,133",128,0,0.1774802207946777,y,original,ok,63.53755270137716,23.51863479986787,"porespy3.0.4 tortuosity_fd default: openpnm3.6.3 PyamgRugeStubenSolver(tol=1e-8,maxiter=1000)",,E:\PROJECTS\Yael_Mishael\Rony\remote_computer backup\nnUNet_resources\bnei_reem_specA_unified\inference_concatenated\bnei_reem_specA_unified.nii.gz,5
Vertisol,bnei_reem_specA_unified,4,"261,517,133",128,1,0.1774802207946777,y,original,ok,15.2475429247171,14.586271000094712,"porespy3.0.4 tortuosity_fd default: openpnm3.6.3 PyamgRugeStubenSolver(tol=1e-8,maxiter=1000)",,E:\PROJECTS\Yael_Mishael\Rony\remote_computer backup\nnUNet_resources\bnei_reem_specA_unified\inference_concatenated\bnei_reem_specA_unified.nii.gz,5
Vertisol,bnei_reem_specA_unified,4,"261,517,133",128,2,0.1774802207946777,y,original,ok,15.198072256132605,20.422243900131438,"porespy3.0.4 tortuosity_fd default: openpnm3.6.3 PyamgRugeStubenSolver(tol=1e-8,maxiter=1000)",,E:\PROJECTS\Yael_Mishael\Rony\remote_computer backup\nnUNet_resources\bnei_reem_specA_unified\inference_concatenated\bnei_reem_specA_unified.nii.gz,5
Vertisol,bnei_reem_specA_unified,5,"389,261,517",128,0,0.1263918876647949,y,original,ok,21.14888922691333,20.790784700075164,"porespy3.0.4 tortuosity_fd default: openpnm3.6.3 PyamgRugeStubenSolver(tol=1e-8,maxiter=1000)",,E:\PROJECTS\Yael_Mishael\Rony\remote_computer backup\nnUNet_resources\bnei_reem_specA_unified\inference_concatenated\bnei_reem_specA_unified.nii.gz,5
Vertisol,bnei_reem_specA_unified,5,"389,261,517",128,1,0.1263918876647949,y,original,ok,19.487901316424896,14.76477100001648,"porespy3.0.4 tortuosity_fd default: openpnm3.6.3 PyamgRugeStubenSolver(tol=1e-8,maxiter=1000)",,E:\PROJECTS\Yael_Mishael\Rony\remote_computer backup\nnUNet_resources\bnei_reem_specA_unified\inference_concatenated\bnei_reem_specA_unified.nii.gz,5
Vertisol,bnei_reem_specA_unified,5,"389,261,517",128,2,0.1263918876647949,y,original,ok,36.30644099542333,19.158550900174305,"porespy3.0.4 tortuosity_fd default: openpnm3.6.3 PyamgRugeStubenSolver(tol=1e-8,maxiter=1000)",,E:\PROJECTS\Yael_Mishael\Rony\remote_computer backup\nnUNet_resources\bnei_reem_specA_unified\inference_concatenated\bnei_reem_specA_unified.nii.gz,5
Vertisol,bnei_reem_specA_unified,6,"517,133,133",128,0,0.1856594085693359,y,original,ok,17.455129980498516,16.71711780014448,"porespy3.0.4 tortuosity_fd default: openpnm3.6.3 PyamgRugeStubenSolver(tol=1e-8,maxiter=1000)",,E:\PROJECTS\Yael_Mishael\Rony\remote_computer backup\nnUNet_resources\bnei_reem_specA_unified\inference_concatenated\bnei_reem_specA_unified.nii.gz,5
Vertisol,bnei_reem_specA_unified,6,"517,133,133",128,1,0.1856594085693359,y,original,ok,19.56560110560116,15.844353099819273,"porespy3.0.4 tortuosity_fd default: openpnm3.6.3 PyamgRugeStubenSolver(tol=1e-8,maxiter=1000)",,E:\PROJECTS\Yael_Mishael\Rony\remote_computer backup\nnUNet_resources\bnei_reem_specA_unified\inference_concatenated\bnei_reem_specA_unified.nii.gz,5
Vertisol,bnei_reem_specA_unified,6,"517,133,133",128,2,0.1856594085693359,y,original,ok,2.387167418170805,15.60764169995673,"porespy3.0.4 tortuosity_fd default: openpnm3.6.3 PyamgRugeStubenSolver(tol=1e-8,maxiter=1000)",,E:\PROJECTS\Yael_Mishael\Rony\remote_computer backup\nnUNet_resources\bnei_reem_specA_unified\inference_concatenated\bnei_reem_specA_unified.nii.gz,5
Vertisol,bnei_reem_specA_unified,7,"517,517,517",128,0,0.2181611061096191,y,original,ok,22.84151676285341,23.404362800065428,"porespy3.0.4 tortuosity_fd default: openpnm3.6.3 PyamgRugeStubenSolver(tol=1e-8,maxiter=1000)",,E:\PROJECTS\Yael_Mishael\Rony\remote_computer backup\nnUNet_resources\bnei_reem_specA_unified\inference_concatenated\bnei_reem_specA_unified.nii.gz,5
Vertisol,bnei_reem_specA_unified,7,"517,517,517",128,1,0.2181611061096191,y,original,ok,7.424300309062062,19.738699899986383,"porespy3.0.4 tortuosity_fd default: openpnm3.6.3 PyamgRugeStubenSolver(tol=1e-8,maxiter=1000)",,E:\PROJECTS\Yael_Mishael\Rony\remote_computer backup\nnUNet_resources\bnei_reem_specA_unified\inference_concatenated\bnei_reem_specA_unified.nii.gz,5
Vertisol,bnei_reem_specA_unified,7,"517,517,517",128,2,0.2181611061096191,y,original,ok,2.14060744653649,18.90791409998201,"porespy3.0.4 tortuosity_fd default: openpnm3.6.3 PyamgRugeStubenSolver(tol=1e-8,maxiter=1000)",,E:\PROJECTS\Yael_Mishael\Rony\remote_computer backup\nnUNet_resources\bnei_reem_specA_unified\inference_concatenated\bnei_reem_specA_unified.nii.gz,5
Vertisol,bnei_reem_specB_unified,0,"5,5,5",128,0,0.2120943069458007,y,original,ok,1.6658414892382496,19.90824680007063,"porespy3.0.4 tortuosity_fd default: openpnm3.6.3 PyamgRugeStubenSolver(tol=1e-8,maxiter=1000)",,E:\PROJECTS\Yael_Mishael\Rony\remote_computer backup\nnUNet_resources\bnei_reem_specB_unified\inference_concatenated\bnei_reem_specB_unified.nii.gz,5
Vertisol,bnei_reem_specB_unified,0,"5,5,5",128,1,0.2120943069458007,y,original,ok,3.323500926549969,18.66579090012237,"porespy3.0.4 tortuosity_fd default: openpnm3.6.3 PyamgRugeStubenSolver(tol=1e-8,maxiter=1000)",,E:\PROJECTS\Yael_Mishael\Rony\remote_computer backup\nnUNet_resources\bnei_reem_specB_unified\inference_concatenated\bnei_reem_specB_unified.nii.gz,5
Vertisol,bnei_reem_specB_unified,0,"5,5,5",128,2,0.2120943069458007,n,original,no_spanning_path,,,"porespy3.0.4 tortuosity_fd default: openpnm3.6.3 PyamgRugeStubenSolver(tol=1e-8,maxiter=1000)",,E:\PROJECTS\Yael_Mishael\Rony\remote_computer backup\nnUNet_resources\bnei_reem_specB_unified\inference_concatenated\bnei_reem_specB_unified.nii.gz,5
Vertisol,bnei_reem_specB_unified,1,"5,389,389",128,0,0.13126802444458,y,original,ok,11.74002568082725,14.467271400149912,"porespy3.0.4 tortuosity_fd default: openpnm3.6.3 PyamgRugeStubenSolver(tol=1e-8,maxiter=1000)",,E:\PROJECTS\Yael_Mishael\Rony\remote_computer backup\nnUNet_resources\bnei_reem_specB_unified\inference_concatenated\bnei_reem_specB_unified.nii.gz,5
Vertisol,bnei_reem_specB_unified,1,"5,389,389",128,1,0.13126802444458,y,original,ok,8.842994702229078,15.870684099849312,"porespy3.0.4 tortuosity_fd default: openpnm3.6.3 PyamgRugeStubenSolver(tol=1e-8,maxiter=1000)",,E:\PROJECTS\Yael_Mishael\Rony\remote_computer backup\nnUNet_resources\bnei_reem_specB_unified\inference_concatenated\bnei_reem_specB_unified.nii.gz,5
Vertisol,bnei_reem_specB_unified,1,"5,389,389",128,2,0.13126802444458,y,original,ok,20.550302226817507,12.5720196000766,"porespy3.0.4 tortuosity_fd default: openpnm3.6.3 PyamgRugeStubenSolver(tol=1e-8,maxiter=1000)",,E:\PROJECTS\Yael_Mishael\Rony\remote_computer backup\nnUNet_resources\bnei_reem_specB_unified\inference_concatenated\bnei_reem_specB_unified.nii.gz,5
Vertisol,bnei_reem_specB_unified,2,"133,261,5",128,0,0.2314543724060058,y,original,ok,6.089305863154322,19.65838110004552,"porespy3.0.4 tortuosity_fd default: openpnm3.6.3 PyamgRugeStubenSolver(tol=1e-8,maxiter=1000)",,E:\PROJECTS\Yael_Mishael\Rony\remote_computer backup\nnUNet_resources\bnei_reem_specB_unified\inference_concatenated\bnei_reem_specB_unified.nii.gz,5
Vertisol,bnei_reem_specB_unified,2,"133,261,5",128,1,0.2314543724060058,y,original,ok,4.778795475526747,16.387975099962205,"porespy3.0.4 tortuosity_fd default: openpnm3.6.3 PyamgRugeStubenSolver(tol=1e-8,maxiter=1000)",,E:\PROJECTS\Yael_Mishael\Rony\remote_computer backup\nnUNet_resources\bnei_reem_specB_unified\inference_concatenated\bnei_reem_specB_unified.nii.gz,5
Vertisol,bnei_reem_specB_unified,2,"133,261,5",128,2,0.2314543724060058,y,original,ok,4.78150166740778,16.597720800200477,"porespy3.0.4 tortuosity_fd default: openpnm3.6.3 PyamgRugeStubenSolver(tol=1e-8,maxiter=1000)",,E:\PROJECTS\Yael_Mishael\Rony\remote_computer backup\nnUNet_resources\bnei_reem_specB_unified\inference_concatenated\bnei_reem_specB_unified.nii.gz,5
Vertisol,bnei_reem_specB_unified,3,"261,5,389",128,0,0.2035756111145019,y,original,ok,14.262337045118688,17.7274974999018,"porespy3.0.4 tortuosity_fd default: openpnm3.6.3 PyamgRugeStubenSolver(tol=1e-8,maxiter=1000)",,E:\PROJECTS\Yael_Mishael\Rony\remote_computer backup\nnUNet_resources\bnei_reem_specB_unified\inference_concatenated\bnei_reem_specB_unified.nii.gz,5
Vertisol,bnei_reem_specB_unified,3,"261,5,389",128,1,0.2035756111145019,y,original,ok,3.2630805207870703,15.923498900141569,"porespy3.0.4 tortuosity_fd default: openpnm3.6.3 PyamgRugeStubenSolver(tol=1e-8,maxiter=1000)",,E:\PROJECTS\Yael_Mishael\Rony\remote_computer backup\nnUNet_resources\bnei_reem_specB_unified\inference_concatenated\bnei_reem_specB_unified.nii.gz,5
Vertisol,bnei_reem_specB_unified,3,"261,5,389",128,2,0.2035756111145019,y,original,ok,5.205090748826787,19.455704300198704,"porespy3.0.4 tortuosity_fd default: openpnm3.6.3 PyamgRugeStubenSolver(tol=1e-8,maxiter=1000)",,E:\PROJECTS\Yael_Mishael\Rony\remote_computer backup\nnUNet_resources\bnei_reem_specB_unified\inference_concatenated\bnei_reem_specB_unified.nii.gz,5
Vertisol,bnei_reem_specB_unified,4,"261,517,133",128,0,0.1166162490844726,y,original,ok,43.230559506428,18.26420209999196,"porespy3.0.4 tortuosity_fd default: openpnm3.6.3 PyamgRugeStubenSolver(tol=1e-8,maxiter=1000)",,E:\PROJECTS\Yael_Mishael\Rony\remote_computer backup\nnUNet_resources\bnei_reem_specB_unified\inference_concatenated\bnei_reem_specB_unified.nii.gz,5
Vertisol,bnei_reem_specB_unified,4,"261,517,133",128,1,0.1166162490844726,n,original,no_spanning_path,,,"porespy3.0.4 tortuosity_fd default: openpnm3.6.3 PyamgRugeStubenSolver(tol=1e-8,maxiter=1000)",,E:\PROJECTS\Yael_Mishael\Rony\remote_computer backup\nnUNet_resources\bnei_reem_specB_unified\inference_concatenated\bnei_reem_specB_unified.nii.gz,5
Vertisol,bnei_reem_specB_unified,4,"261,517,133",128,2,0.1166162490844726,y,original,ok,21.018335653838932,13.140098799951376,"porespy3.0.4 tortuosity_fd default: openpnm3.6.3 PyamgRugeStubenSolver(tol=1e-8,maxiter=1000)",,E:\PROJECTS\Yael_Mishael\Rony\remote_computer backup\nnUNet_resources\bnei_reem_specB_unified\inference_concatenated\bnei_reem_specB_unified.nii.gz,5
Vertisol,bnei_reem_specB_unified,5,"389,261,517",128,0,0.2747054100036621,y,original,ok,7.122739681271223,24.945530500030145,"porespy3.0.4 tortuosity_fd default: openpnm3.6.3 PyamgRugeStubenSolver(tol=1e-8,maxiter=1000)",,E:\PROJECTS\Yael_Mishael\Rony\remote_computer backup\nnUNet_resources\bnei_reem_specB_unified\inference_concatenated\bnei_reem_specB_unified.nii.gz,5
Vertisol,bnei_reem_specB_unified,5,"389,261,517",128,1,0.2747054100036621,y,original,ok,2.2897821781727985,18.10654680011794,"porespy3.0.4 tortuosity_fd default: openpnm3.6.3 PyamgRugeStubenSolver(tol=1e-8,maxiter=1000)",,E:\PROJECTS\Yael_Mishael\Rony\remote_computer backup\nnUNet_resources\bnei_reem_specB_unified\inference_concatenated\bnei_reem_specB_unified.nii.gz,5
Vertisol,bnei_reem_specB_unified,5,"389,261,517",128,2,0.2747054100036621,y,original,ok,2.3405345009964207,22.614836000138894,"porespy3.0.4 tortuosity_fd default: openpnm3.6.3 PyamgRugeStubenSolver(tol=1e-8,maxiter=1000)",,E:\PROJECTS\Yael_Mishael\Rony\remote_computer backup\nnUNet_resources\bnei_reem_specB_unified\inference_concatenated\bnei_reem_specB_unified.nii.gz,5
Vertisol,bnei_reem_specB_unified,6,"517,133,133",128,0,0.1921958923339843,n,original,no_spanning_path,,,"porespy3.0.4 tortuosity_fd default: openpnm3.6.3 PyamgRugeStubenSolver(tol=1e-8,maxiter=1000)",,E:\PROJECTS\Yael_Mishael\Rony\remote_computer backup\nnUNet_resources\bnei_reem_specB_unified\inference_concatenated\bnei_reem_specB_unified.nii.gz,5
Vertisol,bnei_reem_specB_unified,6,"517,133,133",128,1,0.1921958923339843,y,original,ok,2.8979572260712723,15.274848300032318,"porespy3.0.4 tortuosity_fd default: openpnm3.6.3 PyamgRugeStubenSolver(tol=1e-8,maxiter=1000)",,E:\PROJECTS\Yael_Mishael\Rony\remote_computer backup\nnUNet_resources\bnei_reem_specB_unified\inference_concatenated\bnei_reem_specB_unified.nii.gz,5
Vertisol,bnei_reem_specB_unified,6,"517,133,133",128,2,0.1921958923339843,y,original,ok,1.5716492212602553,15.234562800033018,"porespy3.0.4 tortuosity_fd default: openpnm3.6.3 PyamgRugeStubenSolver(tol=1e-8,maxiter=1000)",,E:\PROJECTS\Yael_Mishael\Rony\remote_computer backup\nnUNet_resources\bnei_reem_specB_unified\inference_concatenated\bnei_reem_specB_unified.nii.gz,5
Vertisol,bnei_reem_specB_unified,7,"517,517,517",128,0,0.1354093551635742,y,original,ok,13.53538486419138,13.81731880013831,"porespy3.0.4 tortuosity_fd default: openpnm3.6.3 PyamgRugeStubenSolver(tol=1e-8,maxiter=1000)",,E:\PROJECTS\Yael_Mishael\Rony\remote_computer backup\nnUNet_resources\bnei_reem_specB_unified\inference_concatenated\bnei_reem_specB_unified.nii.gz,5
Vertisol,bnei_reem_specB_unified,7,"517,517,517",128,1,0.1354093551635742,n,original,no_spanning_path,,,"porespy3.0.4 tortuosity_fd default: openpnm3.6.3 PyamgRugeStubenSolver(tol=1e-8,maxiter=1000)",,E:\PROJECTS\Yael_Mishael\Rony\remote_computer backup\nnUNet_resources\bnei_reem_specB_unified\inference_concatenated\bnei_reem_specB_unified.nii.gz,5
Vertisol,bnei_reem_specB_unified,7,"517,517,517",128,2,0.1354093551635742,y,original,ok,5.670431462042754,14.807501399889588,"porespy3.0.4 tortuosity_fd default: openpnm3.6.3 PyamgRugeStubenSolver(tol=1e-8,maxiter=1000)",,E:\PROJECTS\Yael_Mishael\Rony\remote_computer backup\nnUNet_resources\bnei_reem_specB_unified\inference_concatenated\bnei_reem_specB_unified.nii.gz,5
Loess,mishmar_3_5p85um_label_ds15,0,"45,45,45",128,0,0.3029675483703613,y,original,ok,2.124715930041152,30.154631700133905,"porespy3.0.4 tortuosity_fd default: openpnm3.6.3 PyamgRugeStubenSolver(tol=1e-8,maxiter=1000)",,E:\PROJECTS\Yael_Mishael\Rony\remote_computer backup\nnUNet4SoilXrayCT\05_evaluation\psd\pom_analysis_20260829_roi_expansion\pipeline_work\mishmar_native_5p85um\mishmar_native_5p85um_label_downsample.nii.gz,5
Loess,mishmar_3_5p85um_label_ds15,0,"45,45,45",128,1,0.3029675483703613,y,original,ok,2.7886131342035103,47.72349579981528,"porespy3.0.4 tortuosity_fd default: openpnm3.6.3 PyamgRugeStubenSolver(tol=1e-8,maxiter=1000)",,E:\PROJECTS\Yael_Mishael\Rony\remote_computer backup\nnUNet4SoilXrayCT\05_evaluation\psd\pom_analysis_20260829_roi_expansion\pipeline_work\mishmar_native_5p85um\mishmar_native_5p85um_label_downsample.nii.gz,5
Loess,mishmar_3_5p85um_label_ds15,0,"45,45,45",128,2,0.3029675483703613,y,original,ok,3.0718290365046745,34.206529799848795,"porespy3.0.4 tortuosity_fd default: openpnm3.6.3 PyamgRugeStubenSolver(tol=1e-8,maxiter=1000)",,E:\PROJECTS\Yael_Mishael\Rony\remote_computer backup\nnUNet4SoilXrayCT\05_evaluation\psd\pom_analysis_20260829_roi_expansion\pipeline_work\mishmar_native_5p85um\mishmar_native_5p85um_label_downsample.nii.gz,5
Loess,mishmar_3_5p85um_label_ds15,1,"45,173,173",128,0,0.2887306213378906,y,original,ok,2.796171804754404,33.681484300177544,"porespy3.0.4 tortuosity_fd default: openpnm3.6.3 PyamgRugeStubenSolver(tol=1e-8,maxiter=1000)",,E:\PROJECTS\Yael_Mishael\Rony\remote_computer backup\nnUNet4SoilXrayCT\05_evaluation\psd\pom_analysis_20260829_roi_expansion\pipeline_work\mishmar_native_5p85um\mishmar_native_5p85um_label_downsample.nii.gz,5
Loess,mishmar_3_5p85um_label_ds15,1,"45,173,173",128,1,0.2887306213378906,y,original,ok,2.591297594535928,30.10471799992956,"porespy3.0.4 tortuosity_fd default: openpnm3.6.3 PyamgRugeStubenSolver(tol=1e-8,maxiter=1000)",,E:\PROJECTS\Yael_Mishael\Rony\remote_computer backup\nnUNet4SoilXrayCT\05_evaluation\psd\pom_analysis_20260829_roi_expansion\pipeline_work\mishmar_native_5p85um\mishmar_native_5p85um_label_downsample.nii.gz,5
Loess,mishmar_3_5p85um_label_ds15,1,"45,173,173",128,2,0.2887306213378906,y,original,ok,4.510866439073098,33.421426800079644,"porespy3.0.4 tortuosity_fd default: openpnm3.6.3 PyamgRugeStubenSolver(tol=1e-8,maxiter=1000)",,E:\PROJECTS\Yael_Mishael\Rony\remote_computer backup\nnUNet4SoilXrayCT\05_evaluation\psd\pom_analysis_20260829_roi_expansion\pipeline_work\mishmar_native_5p85um\mishmar_native_5p85um_label_downsample.nii.gz,5
Loess,mishmar_3_5p85um_label_ds15,2,"45,301,173",128,0,0.3007373809814453,y,original,ok,2.998515373871516,27.661984600126743,"porespy3.0.4 tortuosity_fd default: openpnm3.6.3 PyamgRugeStubenSolver(tol=1e-8,maxiter=1000)",,E:\PROJECTS\Yael_Mishael\Rony\remote_computer backup\nnUNet4SoilXrayCT\05_evaluation\psd\pom_analysis_20260829_roi_expansion\pipeline_work\mishmar_native_5p85um\mishmar_native_5p85um_label_downsample.nii.gz,5
Loess,mishmar_3_5p85um_label_ds15,2,"45,301,173",128,1,0.3007373809814453,y,original,ok,3.1293843927180984,24.00950239994563,"porespy3.0.4 tortuosity_fd default: openpnm3.6.3 PyamgRugeStubenSolver(tol=1e-8,maxiter=1000)",,E:\PROJECTS\Yael_Mishael\Rony\remote_computer backup\nnUNet4SoilXrayCT\05_evaluation\psd\pom_analysis_20260829_roi_expansion\pipeline_work\mishmar_native_5p85um\mishmar_native_5p85um_label_downsample.nii.gz,5
Loess,mishmar_3_5p85um_label_ds15,2,"45,301,173",128,2,0.3007373809814453,y,original,ok,3.24543386503446,25.77574390009977,"porespy3.0.4 tortuosity_fd default: openpnm3.6.3 PyamgRugeStubenSolver(tol=1e-8,maxiter=1000)",,E:\PROJECTS\Yael_Mishael\Rony\remote_computer backup\nnUNet4SoilXrayCT\05_evaluation\psd\pom_analysis_20260829_roi_expansion\pipeline_work\mishmar_native_5p85um\mishmar_native_5p85um_label_downsample.nii.gz,5
Loess,mishmar_3_5p85um_label_ds15,3,"173,45,301",128,0,0.2588620185852051,y,original,ok,3.5441443386881524,21.727248899871483,"porespy3.0.4 tortuosity_fd default: openpnm3.6.3 PyamgRugeStubenSolver(tol=1e-8,maxiter=1000)",,E:\PROJECTS\Yael_Mishael\Rony\remote_computer backup\nnUNet4SoilXrayCT\05_evaluation\psd\pom_analysis_20260829_roi_expansion\pipeline_work\mishmar_native_5p85um\mishmar_native_5p85um_label_downsample.nii.gz,5
Loess,mishmar_3_5p85um_label_ds15,3,"173,45,301",128,1,0.2588620185852051,y,original,ok,2.7225738496075502,21.858225000090897,"porespy3.0.4 tortuosity_fd default: openpnm3.6.3 PyamgRugeStubenSolver(tol=1e-8,maxiter=1000)",,E:\PROJECTS\Yael_Mishael\Rony\remote_computer backup\nnUNet4SoilXrayCT\05_evaluation\psd\pom_analysis_20260829_roi_expansion\pipeline_work\mishmar_native_5p85um\mishmar_native_5p85um_label_downsample.nii.gz,5
Loess,mishmar_3_5p85um_label_ds15,3,"173,45,301",128,2,0.2588620185852051,y,original,ok,4.136905357450333,21.92043430008925,"porespy3.0.4 tortuosity_fd default: openpnm3.6.3 PyamgRugeStubenSolver(tol=1e-8,maxiter=1000)",,E:\PROJECTS\Yael_Mishael\Rony\remote_computer backup\nnUNet4SoilXrayCT\05_evaluation\psd\pom_analysis_20260829_roi_expansion\pipeline_work\mishmar_native_5p85um\mishmar_native_5p85um_label_downsample.nii.gz,5
Loess,mishmar_3_5p85um_label_ds15,4,"173,301,45",128,0,0.2651915550231933,y,original,ok,3.646015774810631,22.770370200043544,"porespy3.0.4 tortuosity_fd default: openpnm3.6.3 PyamgRugeStubenSolver(tol=1e-8,maxiter=1000)",,E:\PROJECTS\Yael_Mishael\Rony\remote_computer backup\nnUNet4SoilXrayCT\05_evaluation\psd\pom_analysis_20260829_roi_expansion\pipeline_work\mishmar_native_5p85um\mishmar_native_5p85um_label_downsample.nii.gz,5
Loess,mishmar_3_5p85um_label_ds15,4,"173,301,45",128,1,0.2651915550231933,y,original,ok,3.847497029975758,20.61124060000293,"porespy3.0.4 tortuosity_fd default: openpnm3.6.3 PyamgRugeStubenSolver(tol=1e-8,maxiter=1000)",,E:\PROJECTS\Yael_Mishael\Rony\remote_computer backup\nnUNet4SoilXrayCT\05_evaluation\psd\pom_analysis_20260829_roi_expansion\pipeline_work\mishmar_native_5p85um\mishmar_native_5p85um_label_downsample.nii.gz,5
Loess,mishmar_3_5p85um_label_ds15,4,"173,301,45",128,2,0.2651915550231933,y,original,ok,3.4825612407164432,23.44208989990875,"porespy3.0.4 tortuosity_fd default: openpnm3.6.3 PyamgRugeStubenSolver(tol=1e-8,maxiter=1000)",,E:\PROJECTS\Yael_Mishael\Rony\remote_computer backup\nnUNet4SoilXrayCT\05_evaluation\psd\pom_analysis_20260829_roi_expansion\pipeline_work\mishmar_native_5p85um\mishmar_native_5p85um_label_downsample.nii.gz,5
Loess,mishmar_3_5p85um_label_ds15,5,"301,45,173",128,0,0.2281947135925293,y,original,ok,5.404878277017367,21.98721499997191,"porespy3.0.4 tortuosity_fd default: openpnm3.6.3 PyamgRugeStubenSolver(tol=1e-8,maxiter=1000)",,E:\PROJECTS\Yael_Mishael\Rony\remote_computer backup\nnUNet4SoilXrayCT\05_evaluation\psd\pom_analysis_20260829_roi_expansion\pipeline_work\mishmar_native_5p85um\mishmar_native_5p85um_label_downsample.nii.gz,5
Loess,mishmar_3_5p85um_label_ds15,5,"301,45,173",128,1,0.2281947135925293,y,original,ok,5.531153335262206,27.266886200057343,"porespy3.0.4 tortuosity_fd default: openpnm3.6.3 PyamgRugeStubenSolver(tol=1e-8,maxiter=1000)",,E:\PROJECTS\Yael_Mishael\Rony\remote_computer backup\nnUNet4SoilXrayCT\05_evaluation\psd\pom_analysis_20260829_roi_expansion\pipeline_work\mishmar_native_5p85um\mishmar_native_5p85um_label_downsample.nii.gz,5
Loess,mishmar_3_5p85um_label_ds15,5,"301,45,173",128,2,0.2281947135925293,y,original,ok,4.4178046589421305,22.358337400015444,"porespy3.0.4 tortuosity_fd default: openpnm3.6.3 PyamgRugeStubenSolver(tol=1e-8,maxiter=1000)",,E:\PROJECTS\Yael_Mishael\Rony\remote_computer backup\nnUNet4SoilXrayCT\05_evaluation\psd\pom_analysis_20260829_roi_expansion\pipeline_work\mishmar_native_5p85um\mishmar_native_5p85um_label_downsample.nii.gz,5
Loess,mishmar_3_5p85um_label_ds15,6,"301,173,173",128,0,0.2584295272827148,y,original,ok,4.168216560514975,33.10959479981102,"porespy3.0.4 tortuosity_fd default: openpnm3.6.3 PyamgRugeStubenSolver(tol=1e-8,maxiter=1000)",,E:\PROJECTS\Yael_Mishael\Rony\remote_computer backup\nnUNet4SoilXrayCT\05_evaluation\psd\pom_analysis_20260829_roi_expansion\pipeline_work\mishmar_native_5p85um\mishmar_native_5p85um_label_downsample.nii.gz,5
Loess,mishmar_3_5p85um_label_ds15,6,"301,173,173",128,1,0.2584295272827148,y,original,ok,3.140385848770381,40.39759910013527,"porespy3.0.4 tortuosity_fd default: openpnm3.6.3 PyamgRugeStubenSolver(tol=1e-8,maxiter=1000)",,E:\PROJECTS\Yael_Mishael\Rony\remote_computer backup\nnUNet4SoilXrayCT\05_evaluation\psd\pom_analysis_20260829_roi_expansion\pipeline_work\mishmar_native_5p85um\mishmar_native_5p85um_label_downsample.nii.gz,5
Loess,mishmar_3_5p85um_label_ds15,6,"301,173,173",128,2,0.2584295272827148,y,original,ok,2.6374551925307403,35.93839570018463,"porespy3.0.4 tortuosity_fd default: openpnm3.6.3 PyamgRugeStubenSolver(tol=1e-8,maxiter=1000)",,E:\PROJECTS\Yael_Mishael\Rony\remote_computer backup\nnUNet4SoilXrayCT\05_evaluation\psd\pom_analysis_20260829_roi_expansion\pipeline_work\mishmar_native_5p85um\mishmar_native_5p85um_label_downsample.nii.gz,5
Loess,mishmar_3_5p85um_label_ds15,7,"301,301,301",128,0,0.1943893432617187,y,original,ok,3.652532474352377,57.33764760009944,"porespy3.0.4 tortuosity_fd default: openpnm3.6.3 PyamgRugeStubenSolver(tol=1e-8,maxiter=1000)",,E:\PROJECTS\Yael_Mishael\Rony\remote_computer backup\nnUNet4SoilXrayCT\05_evaluation\psd\pom_analysis_20260829_roi_expansion\pipeline_work\mishmar_native_5p85um\mishmar_native_5p85um_label_downsample.nii.gz,5
Loess,mishmar_3_5p85um_label_ds15,7,"301,301,301",128,1,0.1943893432617187,y,original,ok,5.97430147530038,28.224989300128076,"porespy3.0.4 tortuosity_fd default: openpnm3.6.3 PyamgRugeStubenSolver(tol=1e-8,maxiter=1000)",,E:\PROJECTS\Yael_Mishael\Rony\remote_computer backup\nnUNet4SoilXrayCT\05_evaluation\psd\pom_analysis_20260829_roi_expansion\pipeline_work\mishmar_native_5p85um\mishmar_native_5p85um_label_downsample.nii.gz,5
Loess,mishmar_3_5p85um_label_ds15,7,"301,301,301",128,2,0.1943893432617187,y,original,ok,3.861217715459735,32.31931129982695,"porespy3.0.4 tortuosity_fd default: openpnm3.6.3 PyamgRugeStubenSolver(tol=1e-8,maxiter=1000)",,E:\PROJECTS\Yael_Mishael\Rony\remote_computer backup\nnUNet4SoilXrayCT\05_evaluation\psd\pom_analysis_20260829_roi_expansion\pipeline_work\mishmar_native_5p85um\mishmar_native_5p85um_label_downsample.nii.gz,5
Loess,mishmar_2_8p8um_label_ds15,0,"153,281,25",128,0,0.2205533981323242,y,original,ok,4.7202474946064,23.33081570011564,"porespy3.0.4 tortuosity_fd default: openpnm3.6.3 PyamgRugeStubenSolver(tol=1e-8,maxiter=1000)",,E:\PROJECTS\Yael_Mishael\Rony\remote_computer backup\nnUNet4SoilXrayCT\05_evaluation\psd\pom_analysis_20260829_roi_expansion\pipeline_work\mishmar_second_8p8um\mishmar_second_8p8um_label_downsample.nii.gz,5
Loess,mishmar_2_8p8um_label_ds15,0,"153,281,25",128,1,0.2205533981323242,y,original,ok,3.731136297821872,26.011225200025365,"porespy3.0.4 tortuosity_fd default: openpnm3.6.3 PyamgRugeStubenSolver(tol=1e-8,maxiter=1000)",,E:\PROJECTS\Yael_Mishael\Rony\remote_computer backup\nnUNet4SoilXrayCT\05_evaluation\psd\pom_analysis_20260829_roi_expansion\pipeline_work\mishmar_second_8p8um\mishmar_second_8p8um_label_downsample.nii.gz,5
Loess,mishmar_2_8p8um_label_ds15,0,"153,281,25",128,2,0.2205533981323242,y,original,ok,4.26137133806024,22.66447540000081,"porespy3.0.4 tortuosity_fd default: openpnm3.6.3 PyamgRugeStubenSolver(tol=1e-8,maxiter=1000)",,E:\PROJECTS\Yael_Mishael\Rony\remote_computer backup\nnUNet4SoilXrayCT\05_evaluation\psd\pom_analysis_20260829_roi_expansion\pipeline_work\mishmar_second_8p8um\mishmar_second_8p8um_label_downsample.nii.gz,5
Loess,mishmar_2_8p8um_label_ds15,1,"281,153,25",128,0,0.2407460212707519,y,original,ok,1.814301476002384,25.115557699929923,"porespy3.0.4 tortuosity_fd default: openpnm3.6.3 PyamgRugeStubenSolver(tol=1e-8,maxiter=1000)",,E:\PROJECTS\Yael_Mishael\Rony\remote_computer backup\nnUNet4SoilXrayCT\05_evaluation\psd\pom_analysis_20260829_roi_expansion\pipeline_work\mishmar_second_8p8um\mishmar_second_8p8um_label_downsample.nii.gz,5
Loess,mishmar_2_8p8um_label_ds15,1,"281,153,25",128,1,0.2407460212707519,y,original,ok,1.8062211688428995,21.98283979995176,"porespy3.0.4 tortuosity_fd default: openpnm3.6.3 PyamgRugeStubenSolver(tol=1e-8,maxiter=1000)",,E:\PROJECTS\Yael_Mishael\Rony\remote_computer backup\nnUNet4SoilXrayCT\05_evaluation\psd\pom_analysis_20260829_roi_expansion\pipeline_work\mishmar_second_8p8um\mishmar_second_8p8um_label_downsample.nii.gz,5
Loess,mishmar_2_8p8um_label_ds15,1,"281,153,25",128,2,0.2407460212707519,y,original,ok,68.67995322503683,19.133448799839243,"porespy3.0.4 tortuosity_fd default: openpnm3.6.3 PyamgRugeStubenSolver(tol=1e-8,maxiter=1000)",,E:\PROJECTS\Yael_Mishael\Rony\remote_computer backup\nnUNet4SoilXrayCT\05_evaluation\psd\pom_analysis_20260829_roi_expansion\pipeline_work\mishmar_second_8p8um\mishmar_second_8p8um_label_downsample.nii.gz,5
Loess,mishmar_2_8p8um_label_ds15,2,"281,537,25",128,0,0.3235116004943847,y,original,ok,2.382270880796255,21.114735800074413,"porespy3.0.4 tortuosity_fd default: openpnm3.6.3 PyamgRugeStubenSolver(tol=1e-8,maxiter=1000)",,E:\PROJECTS\Yael_Mishael\Rony\remote_computer backup\nnUNet4SoilXrayCT\05_evaluation\psd\pom_analysis_20260829_roi_expansion\pipeline_work\mishmar_second_8p8um\mishmar_second_8p8um_label_downsample.nii.gz,5
Loess,mishmar_2_8p8um_label_ds15,2,"281,537,25",128,1,0.3235116004943847,y,original,ok,2.6008320495317143,20.771732500055805,"porespy3.0.4 tortuosity_fd default: openpnm3.6.3 PyamgRugeStubenSolver(tol=1e-8,maxiter=1000)",,E:\PROJECTS\Yael_Mishael\Rony\remote_computer backup\nnUNet4SoilXrayCT\05_evaluation\psd\pom_analysis_20260829_roi_expansion\pipeline_work\mishmar_second_8p8um\mishmar_second_8p8um_label_downsample.nii.gz,5
Loess,mishmar_2_8p8um_label_ds15,2,"281,537,25",128,2,0.3235116004943847,y,original,ok,2.4786453078961777,23.18027099990286,"porespy3.0.4 tortuosity_fd default: openpnm3.6.3 PyamgRugeStubenSolver(tol=1e-8,maxiter=1000)",,E:\PROJECTS\Yael_Mishael\Rony\remote_computer backup\nnUNet4SoilXrayCT\05_evaluation\psd\pom_analysis_20260829_roi_expansion\pipeline_work\mishmar_second_8p8um\mishmar_second_8p8um_label_downsample.nii.gz,5
Loess,mishmar_2_8p8um_label_ds15,3,"409,281,25",128,0,0.2805047035217285,y,original,ok,4.74271412358488,27.998745399992917,"porespy3.0.4 tortuosity_fd default: openpnm3.6.3 PyamgRugeStubenSolver(tol=1e-8,maxiter=1000)",,E:\PROJECTS\Yael_Mishael\Rony\remote_computer backup\nnUNet4SoilXrayCT\05_evaluation\psd\pom_analysis_20260829_roi_expansion\pipeline_work\mishmar_second_8p8um\mishmar_second_8p8um_label_downsample.nii.gz,5
Loess,mishmar_2_8p8um_label_ds15,3,"409,281,25",128,1,0.2805047035217285,y,original,ok,2.2988651056715894,30.828730899840597,"porespy3.0.4 tortuosity_fd default: openpnm3.6.3 PyamgRugeStubenSolver(tol=1e-8,maxiter=1000)",,E:\PROJECTS\Yael_Mishael\Rony\remote_computer backup\nnUNet4SoilXrayCT\05_evaluation\psd\pom_analysis_20260829_roi_expansion\pipeline_work\mishmar_second_8p8um\mishmar_second_8p8um_label_downsample.nii.gz,5
Loess,mishmar_2_8p8um_label_ds15,3,"409,281,25",128,2,0.2805047035217285,y,original,ok,2.6409700808690184,25.62550240010023,"porespy3.0.4 tortuosity_fd default: openpnm3.6.3 PyamgRugeStubenSolver(tol=1e-8,maxiter=1000)",,E:\PROJECTS\Yael_Mishael\Rony\remote_computer backup\nnUNet4SoilXrayCT\05_evaluation\psd\pom_analysis_20260829_roi_expansion\pipeline_work\mishmar_second_8p8um\mishmar_second_8p8um_label_downsample.nii.gz,5
Loess,mishmar_2_8p8um_label_ds15,4,"409,537,793",128,0,0.3203864097595215,y,original,ok,3.292805200173468,25.0401661999058,"porespy3.0.4 tortuosity_fd default: openpnm3.6.3 PyamgRugeStubenSolver(tol=1e-8,maxiter=1000)",,E:\PROJECTS\Yael_Mishael\Rony\remote_computer backup\nnUNet4SoilXrayCT\05_evaluation\psd\pom_analysis_20260829_roi_expansion\pipeline_work\mishmar_second_8p8um\mishmar_second_8p8um_label_downsample.nii.gz,5
Loess,mishmar_2_8p8um_label_ds15,4,"409,537,793",128,1,0.3203864097595215,y,original,ok,4.981196841300387,28.253207200206816,"porespy3.0.4 tortuosity_fd default: openpnm3.6.3 PyamgRugeStubenSolver(tol=1e-8,maxiter=1000)",,E:\PROJECTS\Yael_Mishael\Rony\remote_computer backup\nnUNet4SoilXrayCT\05_evaluation\psd\pom_analysis_20260829_roi_expansion\pipeline_work\mishmar_second_8p8um\mishmar_second_8p8um_label_downsample.nii.gz,5
Loess,mishmar_2_8p8um_label_ds15,4,"409,537,793",128,2,0.3203864097595215,y,original,ok,3.481701573597101,24.603998200036585,"porespy3.0.4 tortuosity_fd default: openpnm3.6.3 PyamgRugeStubenSolver(tol=1e-8,maxiter=1000)",,E:\PROJECTS\Yael_Mishael\Rony\remote_computer backup\nnUNet4SoilXrayCT\05_evaluation\psd\pom_analysis_20260829_roi_expansion\pipeline_work\mishmar_second_8p8um\mishmar_second_8p8um_label_downsample.nii.gz,5
Loess,mishmar_2_8p8um_label_ds15,5,"537,281,793",128,0,0.2425117492675781,y,original,ok,4.756279535745417,26.541517099831253,"porespy3.0.4 tortuosity_fd default: openpnm3.6.3 PyamgRugeStubenSolver(tol=1e-8,maxiter=1000)",,E:\PROJECTS\Yael_Mishael\Rony\remote_computer backup\nnUNet4SoilXrayCT\05_evaluation\psd\pom_analysis_20260829_roi_expansion\pipeline_work\mishmar_second_8p8um\mishmar_second_8p8um_label_downsample.nii.gz,5
Loess,mishmar_2_8p8um_label_ds15,5,"537,281,793",128,1,0.2425117492675781,y,original,ok,5.178008771020199,17.3406982999295,"porespy3.0.4 tortuosity_fd default: openpnm3.6.3 PyamgRugeStubenSolver(tol=1e-8,maxiter=1000)",,E:\PROJECTS\Yael_Mishael\Rony\remote_computer backup\nnUNet4SoilXrayCT\05_evaluation\psd\pom_analysis_20260829_roi_expansion\pipeline_work\mishmar_second_8p8um\mishmar_second_8p8um_label_downsample.nii.gz,5
Loess,mishmar_2_8p8um_label_ds15,5,"537,281,793",128,2,0.2425117492675781,y,original,ok,6.419365794149148,22.81372099998407,"porespy3.0.4 tortuosity_fd default: openpnm3.6.3 PyamgRugeStubenSolver(tol=1e-8,maxiter=1000)",,E:\PROJECTS\Yael_Mishael\Rony\remote_computer backup\nnUNet4SoilXrayCT\05_evaluation\psd\pom_analysis_20260829_roi_expansion\pipeline_work\mishmar_second_8p8um\mishmar_second_8p8um_label_downsample.nii.gz,5
Loess,mishmar_2_8p8um_label_ds15,6,"537,665,793",128,0,0.1343979835510254,y,original,ok,1.7776945341895254,13.09979770006612,"porespy3.0.4 tortuosity_fd default: openpnm3.6.3 PyamgRugeStubenSolver(tol=1e-8,maxiter=1000)",,E:\PROJECTS\Yael_Mishael\Rony\remote_computer backup\nnUNet4SoilXrayCT\05_evaluation\psd\pom_analysis_20260829_roi_expansion\pipeline_work\mishmar_second_8p8um\mishmar_second_8p8um_label_downsample.nii.gz,5
Loess,mishmar_2_8p8um_label_ds15,6,"537,665,793",128,1,0.1343979835510254,y,original,ok,1.8906969035203152,17.285544499987736,"porespy3.0.4 tortuosity_fd default: openpnm3.6.3 PyamgRugeStubenSolver(tol=1e-8,maxiter=1000)",,E:\PROJECTS\Yael_Mishael\Rony\remote_computer backup\nnUNet4SoilXrayCT\05_evaluation\psd\pom_analysis_20260829_roi_expansion\pipeline_work\mishmar_second_8p8um\mishmar_second_8p8um_label_downsample.nii.gz,5
Loess,mishmar_2_8p8um_label_ds15,6,"537,665,793",128,2,0.1343979835510254,y,original,ok,28.809156002660234,14.25642429990694,"porespy3.0.4 tortuosity_fd default: openpnm3.6.3 PyamgRugeStubenSolver(tol=1e-8,maxiter=1000)",,E:\PROJECTS\Yael_Mishael\Rony\remote_computer backup\nnUNet4SoilXrayCT\05_evaluation\psd\pom_analysis_20260829_roi_expansion\pipeline_work\mishmar_second_8p8um\mishmar_second_8p8um_label_downsample.nii.gz,5
Loess,mishmar_2_8p8um_label_ds15,7,"665,537,793",128,0,0.1796703338623047,y,original,ok,2.566417594700631,16.93263250007294,"porespy3.0.4 tortuosity_fd default: openpnm3.6.3 PyamgRugeStubenSolver(tol=1e-8,maxiter=1000)",,E:\PROJECTS\Yael_Mishael\Rony\remote_computer backup\nnUNet4SoilXrayCT\05_evaluation\psd\pom_analysis_20260829_roi_expansion\pipeline_work\mishmar_second_8p8um\mishmar_second_8p8um_label_downsample.nii.gz,5
Loess,mishmar_2_8p8um_label_ds15,7,"665,537,793",128,1,0.1796703338623047,y,original,ok,10.62622092296672,17.54495140002109,"porespy3.0.4 tortuosity_fd default: openpnm3.6.3 PyamgRugeStubenSolver(tol=1e-8,maxiter=1000)",,E:\PROJECTS\Yael_Mishael\Rony\remote_computer backup\nnUNet4SoilXrayCT\05_evaluation\psd\pom_analysis_20260829_roi_expansion\pipeline_work\mishmar_second_8p8um\mishmar_second_8p8um_label_downsample.nii.gz,5
Loess,mishmar_2_8p8um_label_ds15,7,"665,537,793",128,2,0.1796703338623047,y,original,ok,2.672017263627145,15.212594200158492,"porespy3.0.4 tortuosity_fd default: openpnm3.6.3 PyamgRugeStubenSolver(tol=1e-8,maxiter=1000)",,E:\PROJECTS\Yael_Mishael\Rony\remote_computer backup\nnUNet4SoilXrayCT\05_evaluation\psd\pom_analysis_20260829_roi_expansion\pipeline_work\mishmar_second_8p8um\mishmar_second_8p8um_label_downsample.nii.gz,5
Loess,Cu011_samp_2,0,"5,5,27",128,0,0.1733112335205078,y,original,ok,12.225078585158927,13.300925599876791,"porespy3.0.4 tortuosity_fd default: openpnm3.6.3 PyamgRugeStubenSolver(tol=1e-8,maxiter=1000)",,E:\PROJECTS\Yael_Mishael\Rony\remote_computer backup\nnUNet_resources\mishmar_hanegev_Cu011_samp_2_Rec_nlm\inference_output_concat_loess_i2\mishmar_hanegev_Cu011_samp_2_Rec_nlm.nii.gz,5
Loess,Cu011_samp_2,0,"5,5,27",128,1,0.1733112335205078,y,original,ok,2.3634771207634984,12.590326400008053,"porespy3.0.4 tortuosity_fd default: openpnm3.6.3 PyamgRugeStubenSolver(tol=1e-8,maxiter=1000)",,E:\PROJECTS\Yael_Mishael\Rony\remote_computer backup\nnUNet_resources\mishmar_hanegev_Cu011_samp_2_Rec_nlm\inference_output_concat_loess_i2\mishmar_hanegev_Cu011_samp_2_Rec_nlm.nii.gz,5
Loess,Cu011_samp_2,0,"5,5,27",128,2,0.1733112335205078,n,original,no_spanning_path,,,"porespy3.0.4 tortuosity_fd default: openpnm3.6.3 PyamgRugeStubenSolver(tol=1e-8,maxiter=1000)",,E:\PROJECTS\Yael_Mishael\Rony\remote_computer backup\nnUNet_resources\mishmar_hanegev_Cu011_samp_2_Rec_nlm\inference_output_concat_loess_i2\mishmar_hanegev_Cu011_samp_2_Rec_nlm.nii.gz,5
Loess,Cu011_samp_2,1,"5,389,411",128,0,0.4182486534118652,y,original,ok,1.7441408838422217,22.078034800011665,"porespy3.0.4 tortuosity_fd default: openpnm3.6.3 PyamgRugeStubenSolver(tol=1e-8,maxiter=1000)",,E:\PROJECTS\Yael_Mishael\Rony\remote_computer backup\nnUNet_resources\mishmar_hanegev_Cu011_samp_2_Rec_nlm\inference_output_concat_loess_i2\mishmar_hanegev_Cu011_samp_2_Rec_nlm.nii.gz,5
Loess,Cu011_samp_2,1,"5,389,411",128,1,0.4182486534118652,y,original,ok,2.1576727735238306,24.603957700077444,"porespy3.0.4 tortuosity_fd default: openpnm3.6.3 PyamgRugeStubenSolver(tol=1e-8,maxiter=1000)",,E:\PROJECTS\Yael_Mishael\Rony\remote_computer backup\nnUNet_resources\mishmar_hanegev_Cu011_samp_2_Rec_nlm\inference_output_concat_loess_i2\mishmar_hanegev_Cu011_samp_2_Rec_nlm.nii.gz,5
Loess,Cu011_samp_2,1,"5,389,411",128,2,0.4182486534118652,y,original,ok,1.9252646580892527,22.63402569992468,"porespy3.0.4 tortuosity_fd default: openpnm3.6.3 PyamgRugeStubenSolver(tol=1e-8,maxiter=1000)",,E:\PROJECTS\Yael_Mishael\Rony\remote_computer backup\nnUNet_resources\mishmar_hanegev_Cu011_samp_2_Rec_nlm\inference_output_concat_loess_i2\mishmar_hanegev_Cu011_samp_2_Rec_nlm.nii.gz,5
Loess,Cu011_samp_2,2,"133,261,155",128,0,0.2696766853332519,y,original,ok,2.7177641940043715,18.53336500003934,"porespy3.0.4 tortuosity_fd default: openpnm3.6.3 PyamgRugeStubenSolver(tol=1e-8,maxiter=1000)",,E:\PROJECTS\Yael_Mishael\Rony\remote_computer backup\nnUNet_resources\mishmar_hanegev_Cu011_samp_2_Rec_nlm\inference_output_concat_loess_i2\mishmar_hanegev_Cu011_samp_2_Rec_nlm.nii.gz,5
Loess,Cu011_samp_2,2,"133,261,155",128,1,0.2696766853332519,y,original,ok,2.592820673794524,17.952399699948728,"porespy3.0.4 tortuosity_fd default: openpnm3.6.3 PyamgRugeStubenSolver(tol=1e-8,maxiter=1000)",,E:\PROJECTS\Yael_Mishael\Rony\remote_computer backup\nnUNet_resources\mishmar_hanegev_Cu011_samp_2_Rec_nlm\inference_output_concat_loess_i2\mishmar_hanegev_Cu011_samp_2_Rec_nlm.nii.gz,5
Loess,Cu011_samp_2,2,"133,261,155",128,2,0.2696766853332519,y,original,ok,2.660365599096857,18.400347499875352,"porespy3.0.4 tortuosity_fd default: openpnm3.6.3 PyamgRugeStubenSolver(tol=1e-8,maxiter=1000)",,E:\PROJECTS\Yael_Mishael\Rony\remote_computer backup\nnUNet_resources\mishmar_hanegev_Cu011_samp_2_Rec_nlm\inference_output_concat_loess_i2\mishmar_hanegev_Cu011_samp_2_Rec_nlm.nii.gz,5
Loess,Cu011_samp_2,3,"261,5,539",128,0,0.1533565521240234,y,original,ok,7.835650673050044,15.428343300009146,"porespy3.0.4 tortuosity_fd default: openpnm3.6.3 PyamgRugeStubenSolver(tol=1e-8,maxiter=1000)",,E:\PROJECTS\Yael_Mishael\Rony\remote_computer backup\nnUNet_resources\mishmar_hanegev_Cu011_samp_2_Rec_nlm\inference_output_concat_loess_i2\mishmar_hanegev_Cu011_samp_2_Rec_nlm.nii.gz,5
Loess,Cu011_samp_2,3,"261,5,539",128,1,0.1533565521240234,y,original,ok,7.054310872634807,14.51748919999227,"porespy3.0.4 tortuosity_fd default: openpnm3.6.3 PyamgRugeStubenSolver(tol=1e-8,maxiter=1000)",,E:\PROJECTS\Yael_Mishael\Rony\remote_computer backup\nnUNet_resources\mishmar_hanegev_Cu011_samp_2_Rec_nlm\inference_output_concat_loess_i2\mishmar_hanegev_Cu011_samp_2_Rec_nlm.nii.gz,5
Loess,Cu011_samp_2,3,"261,5,539",128,2,0.1533565521240234,y,original,ok,5.935840606144175,13.34918270003982,"porespy3.0.4 tortuosity_fd default: openpnm3.6.3 PyamgRugeStubenSolver(tol=1e-8,maxiter=1000)",,E:\PROJECTS\Yael_Mishael\Rony\remote_computer backup\nnUNet_resources\mishmar_hanegev_Cu011_samp_2_Rec_nlm\inference_output_concat_loess_i2\mishmar_hanegev_Cu011_samp_2_Rec_nlm.nii.gz,5
Loess,Cu011_samp_2,4,"261,517,155",128,0,0.2675023078918457,y,original,ok,3.91217167896669,20.44680150016211,"porespy3.0.4 tortuosity_fd default: openpnm3.6.3 PyamgRugeStubenSolver(tol=1e-8,maxiter=1000)",,E:\PROJECTS\Yael_Mishael\Rony\remote_computer backup\nnUNet_resources\mishmar_hanegev_Cu011_samp_2_Rec_nlm\inference_output_concat_loess_i2\mishmar_hanegev_Cu011_samp_2_Rec_nlm.nii.gz,5
Loess,Cu011_samp_2,4,"261,517,155",128,1,0.2675023078918457,y,original,ok,2.108191724143559,19.49607659992762,"porespy3.0.4 tortuosity_fd default: openpnm3.6.3 PyamgRugeStubenSolver(tol=1e-8,maxiter=1000)",,E:\PROJECTS\Yael_Mishael\Rony\remote_computer backup\nnUNet_resources\mishmar_hanegev_Cu011_samp_2_Rec_nlm\inference_output_concat_loess_i2\mishmar_hanegev_Cu011_samp_2_Rec_nlm.nii.gz,5
Loess,Cu011_samp_2,4,"261,517,155",128,2,0.2675023078918457,y,original,ok,2.343013326244208,23.78240429982543,"porespy3.0.4 tortuosity_fd default: openpnm3.6.3 PyamgRugeStubenSolver(tol=1e-8,maxiter=1000)",,E:\PROJECTS\Yael_Mishael\Rony\remote_computer backup\nnUNet_resources\mishmar_hanegev_Cu011_samp_2_Rec_nlm\inference_output_concat_loess_i2\mishmar_hanegev_Cu011_samp_2_Rec_nlm.nii.gz,5
Loess,Cu011_samp_2,5,"389,261,539",128,0,0.3623437881469726,y,original,ok,2.4394295401306207,22.417210700223222,"porespy3.0.4 tortuosity_fd default: openpnm3.6.3 PyamgRugeStubenSolver(tol=1e-8,maxiter=1000)",,E:\PROJECTS\Yael_Mishael\Rony\remote_computer backup\nnUNet_resources\mishmar_hanegev_Cu011_samp_2_Rec_nlm\inference_output_concat_loess_i2\mishmar_hanegev_Cu011_samp_2_Rec_nlm.nii.gz,5
Loess,Cu011_samp_2,5,"389,261,539",128,1,0.3623437881469726,y,original,ok,3.305231631451117,21.27284300001338,"porespy3.0.4 tortuosity_fd default: openpnm3.6.3 PyamgRugeStubenSolver(tol=1e-8,maxiter=1000)",,E:\PROJECTS\Yael_Mishael\Rony\remote_computer backup\nnUNet_resources\mishmar_hanegev_Cu011_samp_2_Rec_nlm\inference_output_concat_loess_i2\mishmar_hanegev_Cu011_samp_2_Rec_nlm.nii.gz,5
Loess,Cu011_samp_2,5,"389,261,539",128,2,0.3623437881469726,y,original,ok,2.227221953662521,23.18968029995449,"porespy3.0.4 tortuosity_fd default: openpnm3.6.3 PyamgRugeStubenSolver(tol=1e-8,maxiter=1000)",,E:\PROJECTS\Yael_Mishael\Rony\remote_computer backup\nnUNet_resources\mishmar_hanegev_Cu011_samp_2_Rec_nlm\inference_output_concat_loess_i2\mishmar_hanegev_Cu011_samp_2_Rec_nlm.nii.gz,5
Loess,Cu011_samp_2,6,"517,133,283",128,0,0.2689294815063476,y,original,ok,2.7100994165863206,18.107789100147784,"porespy3.0.4 tortuosity_fd default: openpnm3.6.3 PyamgRugeStubenSolver(tol=1e-8,maxiter=1000)",,E:\PROJECTS\Yael_Mishael\Rony\remote_computer backup\nnUNet_resources\mishmar_hanegev_Cu011_samp_2_Rec_nlm\inference_output_concat_loess_i2\mishmar_hanegev_Cu011_samp_2_Rec_nlm.nii.gz,5
Loess,Cu011_samp_2,6,"517,133,283",128,1,0.2689294815063476,y,original,ok,2.6004112163505058,18.732861200114712,"porespy3.0.4 tortuosity_fd default: openpnm3.6.3 PyamgRugeStubenSolver(tol=1e-8,maxiter=1000)",,E:\PROJECTS\Yael_Mishael\Rony\remote_computer backup\nnUNet_resources\mishmar_hanegev_Cu011_samp_2_Rec_nlm\inference_output_concat_loess_i2\mishmar_hanegev_Cu011_samp_2_Rec_nlm.nii.gz,5
Loess,Cu011_samp_2,6,"517,133,283",128,2,0.2689294815063476,y,original,ok,3.2979395064314065,36.52759260009043,"porespy3.0.4 tortuosity_fd default: openpnm3.6.3 PyamgRugeStubenSolver(tol=1e-8,maxiter=1000)",,E:\PROJECTS\Yael_Mishael\Rony\remote_computer backup\nnUNet_resources\mishmar_hanegev_Cu011_samp_2_Rec_nlm\inference_output_concat_loess_i2\mishmar_hanegev_Cu011_samp_2_Rec_nlm.nii.gz,5
Loess,Cu011_samp_2,7,"517,517,667",128,0,0.2064118385314941,y,original,ok,2.597859057709885,17.836252700071782,"porespy3.0.4 tortuosity_fd default: openpnm3.6.3 PyamgRugeStubenSolver(tol=1e-8,maxiter=1000)",,E:\PROJECTS\Yael_Mishael\Rony\remote_computer backup\nnUNet_resources\mishmar_hanegev_Cu011_samp_2_Rec_nlm\inference_output_concat_loess_i2\mishmar_hanegev_Cu011_samp_2_Rec_nlm.nii.gz,5
Loess,Cu011_samp_2,7,"517,517,667",128,1,0.2064118385314941,y,original,ok,13.310776080805036,18.890412300126627,"porespy3.0.4 tortuosity_fd default: openpnm3.6.3 PyamgRugeStubenSolver(tol=1e-8,maxiter=1000)",,E:\PROJECTS\Yael_Mishael\Rony\remote_computer backup\nnUNet_resources\mishmar_hanegev_Cu011_samp_2_Rec_nlm\inference_output_concat_loess_i2\mishmar_hanegev_Cu011_samp_2_Rec_nlm.nii.gz,5
Loess,Cu011_samp_2,7,"517,517,667",128,2,0.2064118385314941,y,original,ok,9.656118322251244,16.3593238000758,"porespy3.0.4 tortuosity_fd default: openpnm3.6.3 PyamgRugeStubenSolver(tol=1e-8,maxiter=1000)",,E:\PROJECTS\Yael_Mishael\Rony\remote_computer backup\nnUNet_resources\mishmar_hanegev_Cu011_samp_2_Rec_nlm\inference_output_concat_loess_i2\mishmar_hanegev_Cu011_samp_2_Rec_nlm.nii.gz,5
Sand,Rehovot_samp2_highkV_Cu0.11_15um,0,"5,5,5",128,0,0.2986645698547363,y,original,ok,4.470588885820072,19.56258470006287,"porespy3.0.4 tortuosity_fd default: openpnm3.6.3 PyamgRugeStubenSolver(tol=1e-8,maxiter=1000)",,E:\PROJECTS\Yael_Mishael\Rony\remote_computer backup\10.5\rehovot_samp_2.npy,1
Sand,Rehovot_samp2_highkV_Cu0.11_15um,0,"5,5,5",128,1,0.2986645698547363,y,original,ok,3.733391409712453,19.16871659993194,"porespy3.0.4 tortuosity_fd default: openpnm3.6.3 PyamgRugeStubenSolver(tol=1e-8,maxiter=1000)",,E:\PROJECTS\Yael_Mishael\Rony\remote_computer backup\10.5\rehovot_samp_2.npy,1
Sand,Rehovot_samp2_highkV_Cu0.11_15um,0,"5,5,5",128,2,0.2986645698547363,y,original,ok,4.052159119340081,20.44490660005249,"porespy3.0.4 tortuosity_fd default: openpnm3.6.3 PyamgRugeStubenSolver(tol=1e-8,maxiter=1000)",,E:\PROJECTS\Yael_Mishael\Rony\remote_computer backup\10.5\rehovot_samp_2.npy,1
Sand,Rehovot_samp2_highkV_Cu0.11_15um,1,"5,389,389",128,0,0.3335385322570801,y,original,ok,2.9357827155625165,20.16457649995573,"porespy3.0.4 tortuosity_fd default: openpnm3.6.3 PyamgRugeStubenSolver(tol=1e-8,maxiter=1000)",,E:\PROJECTS\Yael_Mishael\Rony\remote_computer backup\10.5\rehovot_samp_2.npy,1
Sand,Rehovot_samp2_highkV_Cu0.11_15um,1,"5,389,389",128,1,0.3335385322570801,y,original,ok,2.7932162580143705,21.18206540006213,"porespy3.0.4 tortuosity_fd default: openpnm3.6.3 PyamgRugeStubenSolver(tol=1e-8,maxiter=1000)",,E:\PROJECTS\Yael_Mishael\Rony\remote_computer backup\10.5\rehovot_samp_2.npy,1
Sand,Rehovot_samp2_highkV_Cu0.11_15um,1,"5,389,389",128,2,0.3335385322570801,y,original,ok,2.7732226323995586,21.194884500000622,"porespy3.0.4 tortuosity_fd default: openpnm3.6.3 PyamgRugeStubenSolver(tol=1e-8,maxiter=1000)",,E:\PROJECTS\Yael_Mishael\Rony\remote_computer backup\10.5\rehovot_samp_2.npy,1
Sand,Rehovot_samp2_highkV_Cu0.11_15um,2,"133,261,5",128,0,0.2608680725097656,y,original,ok,5.0638890760454816,18.11688210000284,"porespy3.0.4 tortuosity_fd default: openpnm3.6.3 PyamgRugeStubenSolver(tol=1e-8,maxiter=1000)",,E:\PROJECTS\Yael_Mishael\Rony\remote_computer backup\10.5\rehovot_samp_2.npy,1
Sand,Rehovot_samp2_highkV_Cu0.11_15um,2,"133,261,5",128,1,0.2608680725097656,y,original,ok,4.561930339486872,22.56433900003321,"porespy3.0.4 tortuosity_fd default: openpnm3.6.3 PyamgRugeStubenSolver(tol=1e-8,maxiter=1000)",,E:\PROJECTS\Yael_Mishael\Rony\remote_computer backup\10.5\rehovot_samp_2.npy,1
Sand,Rehovot_samp2_highkV_Cu0.11_15um,2,"133,261,5",128,2,0.2608680725097656,y,original,ok,3.671122776623637,17.873932299902663,"porespy3.0.4 tortuosity_fd default: openpnm3.6.3 PyamgRugeStubenSolver(tol=1e-8,maxiter=1000)",,E:\PROJECTS\Yael_Mishael\Rony\remote_computer backup\10.5\rehovot_samp_2.npy,1
Sand,Rehovot_samp2_highkV_Cu0.11_15um,3,"261,5,389",128,0,0.2657980918884277,y,original,ok,7.429239897721994,18.82331779995002,"porespy3.0.4 tortuosity_fd default: openpnm3.6.3 PyamgRugeStubenSolver(tol=1e-8,maxiter=1000)",,E:\PROJECTS\Yael_Mishael\Rony\remote_computer backup\10.5\rehovot_samp_2.npy,1
Sand,Rehovot_samp2_highkV_Cu0.11_15um,3,"261,5,389",128,1,0.2657980918884277,y,original,ok,4.173682681850527,18.312328499974683,"porespy3.0.4 tortuosity_fd default: openpnm3.6.3 PyamgRugeStubenSolver(tol=1e-8,maxiter=1000)",,E:\PROJECTS\Yael_Mishael\Rony\remote_computer backup\10.5\rehovot_samp_2.npy,1
Sand,Rehovot_samp2_highkV_Cu0.11_15um,3,"261,5,389",128,2,0.2657980918884277,y,original,ok,3.846294489401236,18.124426699941974,"porespy3.0.4 tortuosity_fd default: openpnm3.6.3 PyamgRugeStubenSolver(tol=1e-8,maxiter=1000)",,E:\PROJECTS\Yael_Mishael\Rony\remote_computer backup\10.5\rehovot_samp_2.npy,1
Sand,Rehovot_samp2_highkV_Cu0.11_15um,4,"261,517,133",128,0,0.3325471878051758,y,original,ok,3.2512774962757125,19.22720429999754,"porespy3.0.4 tortuosity_fd default: openpnm3.6.3 PyamgRugeStubenSolver(tol=1e-8,maxiter=1000)",,E:\PROJECTS\Yael_Mishael\Rony\remote_computer backup\10.5\rehovot_samp_2.npy,1
Sand,Rehovot_samp2_highkV_Cu0.11_15um,4,"261,517,133",128,1,0.3325471878051758,y,original,ok,3.176058537013794,21.29222430009395,"porespy3.0.4 tortuosity_fd default: openpnm3.6.3 PyamgRugeStubenSolver(tol=1e-8,maxiter=1000)",,E:\PROJECTS\Yael_Mishael\Rony\remote_computer backup\10.5\rehovot_samp_2.npy,1
Sand,Rehovot_samp2_highkV_Cu0.11_15um,4,"261,517,133",128,2,0.3325471878051758,y,original,ok,2.81069854906022,19.956035899929702,"porespy3.0.4 tortuosity_fd default: openpnm3.6.3 PyamgRugeStubenSolver(tol=1e-8,maxiter=1000)",,E:\PROJECTS\Yael_Mishael\Rony\remote_computer backup\10.5\rehovot_samp_2.npy,1
Sand,Rehovot_samp2_highkV_Cu0.11_15um,5,"389,261,517",128,0,0.2984986305236816,y,original,ok,4.229298437768829,19.66938879992813,"porespy3.0.4 tortuosity_fd default: openpnm3.6.3 PyamgRugeStubenSolver(tol=1e-8,maxiter=1000)",,E:\PROJECTS\Yael_Mishael\Rony\remote_computer backup\10.5\rehovot_samp_2.npy,1
Sand,Rehovot_samp2_highkV_Cu0.11_15um,5,"389,261,517",128,1,0.2984986305236816,y,original,ok,3.22588911502281,19.241063500056043,"porespy3.0.4 tortuosity_fd default: openpnm3.6.3 PyamgRugeStubenSolver(tol=1e-8,maxiter=1000)",,E:\PROJECTS\Yael_Mishael\Rony\remote_computer backup\10.5\rehovot_samp_2.npy,1
Sand,Rehovot_samp2_highkV_Cu0.11_15um,5,"389,261,517",128,2,0.2984986305236816,y,original,ok,3.093652420338684,20.45614769984968,"porespy3.0.4 tortuosity_fd default: openpnm3.6.3 PyamgRugeStubenSolver(tol=1e-8,maxiter=1000)",,E:\PROJECTS\Yael_Mishael\Rony\remote_computer backup\10.5\rehovot_samp_2.npy,1
Sand,Rehovot_samp2_highkV_Cu0.11_15um,6,"517,133,133",128,0,0.3154869079589844,y,original,ok,3.133664888265386,18.27581139979884,"porespy3.0.4 tortuosity_fd default: openpnm3.6.3 PyamgRugeStubenSolver(tol=1e-8,maxiter=1000)",,E:\PROJECTS\Yael_Mishael\Rony\remote_computer backup\10.5\rehovot_samp_2.npy,1
Sand,Rehovot_samp2_highkV_Cu0.11_15um,6,"517,133,133",128,1,0.3154869079589844,y,original,ok,3.6404386042326777,19.10980400000699,"porespy3.0.4 tortuosity_fd default: openpnm3.6.3 PyamgRugeStubenSolver(tol=1e-8,maxiter=1000)",,E:\PROJECTS\Yael_Mishael\Rony\remote_computer backup\10.5\rehovot_samp_2.npy,1
Sand,Rehovot_samp2_highkV_Cu0.11_15um,6,"517,133,133",128,2,0.3154869079589844,y,original,ok,2.807770710585025,18.9926735998597,"porespy3.0.4 tortuosity_fd default: openpnm3.6.3 PyamgRugeStubenSolver(tol=1e-8,maxiter=1000)",,E:\PROJECTS\Yael_Mishael\Rony\remote_computer backup\10.5\rehovot_samp_2.npy,1
Sand,Rehovot_samp2_highkV_Cu0.11_15um,7,"517,517,517",128,0,0.3386826515197754,y,original,ok,3.44869026434167,20.171411499846727,"porespy3.0.4 tortuosity_fd default: openpnm3.6.3 PyamgRugeStubenSolver(tol=1e-8,maxiter=1000)",,E:\PROJECTS\Yael_Mishael\Rony\remote_computer backup\10.5\rehovot_samp_2.npy,1
Sand,Rehovot_samp2_highkV_Cu0.11_15um,7,"517,517,517",128,1,0.3386826515197754,y,original,ok,3.174729464052604,21.364717399934307,"porespy3.0.4 tortuosity_fd default: openpnm3.6.3 PyamgRugeStubenSolver(tol=1e-8,maxiter=1000)",,E:\PROJECTS\Yael_Mishael\Rony\remote_computer backup\10.5\rehovot_samp_2.npy,1
Sand,Rehovot_samp2_highkV_Cu0.11_15um,7,"517,517,517",128,2,0.3386826515197754,y,original,ok,2.542770049289083,19.50657520000823,"porespy3.0.4 tortuosity_fd default: openpnm3.6.3 PyamgRugeStubenSolver(tol=1e-8,maxiter=1000)",,E:\PROJECTS\Yael_Mishael\Rony\remote_computer backup\10.5\rehovot_samp_2.npy,1
Sand,Rehovot_samp3_highkV_Cu0.11_15um,0,"5,5,5",128,0,0.377685546875,y,original,ok,2.88469597480286,22.20008710003458,"porespy3.0.4 tortuosity_fd default: openpnm3.6.3 PyamgRugeStubenSolver(tol=1e-8,maxiter=1000)",,E:\PROJECTS\Yael_Mishael\Rony\remote_computer backup\10.5\Rehovot_samp3_highkV_Cu0.11_15um.npy,1
Sand,Rehovot_samp3_highkV_Cu0.11_15um,0,"5,5,5",128,1,0.377685546875,y,original,ok,2.1815899570083546,22.39820610010065,"porespy3.0.4 tortuosity_fd default: openpnm3.6.3 PyamgRugeStubenSolver(tol=1e-8,maxiter=1000)",,E:\PROJECTS\Yael_Mishael\Rony\remote_computer backup\10.5\Rehovot_samp3_highkV_Cu0.11_15um.npy,1
Sand,Rehovot_samp3_highkV_Cu0.11_15um,0,"5,5,5",128,2,0.377685546875,y,original,ok,2.2096645665811554,24.98544600000605,"porespy3.0.4 tortuosity_fd default: openpnm3.6.3 PyamgRugeStubenSolver(tol=1e-8,maxiter=1000)",,E:\PROJECTS\Yael_Mishael\Rony\remote_computer backup\10.5\Rehovot_samp3_highkV_Cu0.11_15um.npy,1
Sand,Rehovot_samp3_highkV_Cu0.11_15um,1,"5,389,389",128,0,0.4110503196716308,y,original,ok,2.223690031506285,21.77182059991173,"porespy3.0.4 tortuosity_fd default: openpnm3.6.3 PyamgRugeStubenSolver(tol=1e-8,maxiter=1000)",,E:\PROJECTS\Yael_Mishael\Rony\remote_computer backup\10.5\Rehovot_samp3_highkV_Cu0.11_15um.npy,1
Sand,Rehovot_samp3_highkV_Cu0.11_15um,1,"5,389,389",128,1,0.4110503196716308,y,original,ok,2.0462695489694296,29.265303699998185,"porespy3.0.4 tortuosity_fd default: openpnm3.6.3 PyamgRugeStubenSolver(tol=1e-8,maxiter=1000)",,E:\PROJECTS\Yael_Mishael\Rony\remote_computer backup\10.5\Rehovot_samp3_highkV_Cu0.11_15um.npy,1
Sand,Rehovot_samp3_highkV_Cu0.11_15um,1,"5,389,389",128,2,0.4110503196716308,y,original,ok,1.966038731214316,23.10444340016693,"porespy3.0.4 tortuosity_fd default: openpnm3.6.3 PyamgRugeStubenSolver(tol=1e-8,maxiter=1000)",,E:\PROJECTS\Yael_Mishael\Rony\remote_computer backup\10.5\Rehovot_samp3_highkV_Cu0.11_15um.npy,1
Sand,Rehovot_samp3_highkV_Cu0.11_15um,2,"133,261,5",128,0,0.2366652488708496,y,original,ok,6.32987396492132,16.318385199876502,"porespy3.0.4 tortuosity_fd default: openpnm3.6.3 PyamgRugeStubenSolver(tol=1e-8,maxiter=1000)",,E:\PROJECTS\Yael_Mishael\Rony\remote_computer backup\10.5\Rehovot_samp3_highkV_Cu0.11_15um.npy,1
Sand,Rehovot_samp3_highkV_Cu0.11_15um,2,"133,261,5",128,1,0.2366652488708496,y,original,ok,2.952945887018079,17.62557339994237,"porespy3.0.4 tortuosity_fd default: openpnm3.6.3 PyamgRugeStubenSolver(tol=1e-8,maxiter=1000)",,E:\PROJECTS\Yael_Mishael\Rony\remote_computer backup\10.5\Rehovot_samp3_highkV_Cu0.11_15um.npy,1
Sand,Rehovot_samp3_highkV_Cu0.11_15um,2,"133,261,5",128,2,0.2366652488708496,y,original,ok,2.4649512095540267,16.02517749997787,"porespy3.0.4 tortuosity_fd default: openpnm3.6.3 PyamgRugeStubenSolver(tol=1e-8,maxiter=1000)",,E:\PROJECTS\Yael_Mishael\Rony\remote_computer backup\10.5\Rehovot_samp3_highkV_Cu0.11_15um.npy,1
Sand,Rehovot_samp3_highkV_Cu0.11_15um,3,"261,5,389",128,0,0.4096837043762207,y,original,ok,2.414813663549831,22.194065199932083,"porespy3.0.4 tortuosity_fd default: openpnm3.6.3 PyamgRugeStubenSolver(tol=1e-8,maxiter=1000)",,E:\PROJECTS\Yael_Mishael\Rony\remote_computer backup\10.5\Rehovot_samp3_highkV_Cu0.11_15um.npy,1
Sand,Rehovot_samp3_highkV_Cu0.11_15um,3,"261,5,389",128,1,0.4096837043762207,y,original,ok,2.021717997703655,21.46688920003362,"porespy3.0.4 tortuosity_fd default: openpnm3.6.3 PyamgRugeStubenSolver(tol=1e-8,maxiter=1000)",,E:\PROJECTS\Yael_Mishael\Rony\remote_computer backup\10.5\Rehovot_samp3_highkV_Cu0.11_15um.npy,1
Sand,Rehovot_samp3_highkV_Cu0.11_15um,3,"261,5,389",128,2,0.4096837043762207,y,original,ok,1.9390760550682289,22.067570500075817,"porespy3.0.4 tortuosity_fd default: openpnm3.6.3 PyamgRugeStubenSolver(tol=1e-8,maxiter=1000)",,E:\PROJECTS\Yael_Mishael\Rony\remote_computer backup\10.5\Rehovot_samp3_highkV_Cu0.11_15um.npy,1
Sand,Rehovot_samp3_highkV_Cu0.11_15um,4,"261,517,133",128,0,0.422271728515625,y,original,ok,2.1738053784755467,22.08835219987668,"porespy3.0.4 tortuosity_fd default: openpnm3.6.3 PyamgRugeStubenSolver(tol=1e-8,maxiter=1000)",,E:\PROJECTS\Yael_Mishael\Rony\remote_computer backup\10.5\Rehovot_samp3_highkV_Cu0.11_15um.npy,1
Sand,Rehovot_samp3_highkV_Cu0.11_15um,4,"261,517,133",128,1,0.422271728515625,y,original,ok,2.0171185137377603,22.748560199979693,"porespy3.0.4 tortuosity_fd default: openpnm3.6.3 PyamgRugeStubenSolver(tol=1e-8,maxiter=1000)",,E:\PROJECTS\Yael_Mishael\Rony\remote_computer backup\10.5\Rehovot_samp3_highkV_Cu0.11_15um.npy,1
Sand,Rehovot_samp3_highkV_Cu0.11_15um,4,"261,517,133",128,2,0.422271728515625,y,original,ok,1.875075210472583,22.03405889985152,"porespy3.0.4 tortuosity_fd default: openpnm3.6.3 PyamgRugeStubenSolver(tol=1e-8,maxiter=1000)",,E:\PROJECTS\Yael_Mishael\Rony\remote_computer backup\10.5\Rehovot_samp3_highkV_Cu0.11_15um.npy,1
Sand,Rehovot_samp3_highkV_Cu0.11_15um,5,"389,261,517",128,0,0.4092183113098144,y,original,ok,3.3665875719026785,23.7984505998902,"porespy3.0.4 tortuosity_fd default: openpnm3.6.3 PyamgRugeStubenSolver(tol=1e-8,maxiter=1000)",,E:\PROJECTS\Yael_Mishael\Rony\remote_computer backup\10.5\Rehovot_samp3_highkV_Cu0.11_15um.npy,1
Sand,Rehovot_samp3_highkV_Cu0.11_15um,5,"389,261,517",128,1,0.4092183113098144,y,original,ok,2.108893151537148,23.03656899998896,"porespy3.0.4 tortuosity_fd default: openpnm3.6.3 PyamgRugeStubenSolver(tol=1e-8,maxiter=1000)",,E:\PROJECTS\Yael_Mishael\Rony\remote_computer backup\10.5\Rehovot_samp3_highkV_Cu0.11_15um.npy,1
Sand,Rehovot_samp3_highkV_Cu0.11_15um,5,"389,261,517",128,2,0.4092183113098144,y,original,ok,1.8789267072049856,21.29502690001391,"porespy3.0.4 tortuosity_fd default: openpnm3.6.3 PyamgRugeStubenSolver(tol=1e-8,maxiter=1000)",,E:\PROJECTS\Yael_Mishael\Rony\remote_computer backup\10.5\Rehovot_samp3_highkV_Cu0.11_15um.npy,1
Sand,Rehovot_samp3_highkV_Cu0.11_15um,6,"517,133,133",128,0,0.521611213684082,y,original,ok,1.7511118158357262,25.69375650002621,"porespy3.0.4 tortuosity_fd default: openpnm3.6.3 PyamgRugeStubenSolver(tol=1e-8,maxiter=1000)",,E:\PROJECTS\Yael_Mishael\Rony\remote_computer backup\10.5\Rehovot_samp3_highkV_Cu0.11_15um.npy,1
Sand,Rehovot_samp3_highkV_Cu0.11_15um,6,"517,133,133",128,1,0.521611213684082,y,original,ok,1.6772155078831126,24.430070200003684,"porespy3.0.4 tortuosity_fd default: openpnm3.6.3 PyamgRugeStubenSolver(tol=1e-8,maxiter=1000)",,E:\PROJECTS\Yael_Mishael\Rony\remote_computer backup\10.5\Rehovot_samp3_highkV_Cu0.11_15um.npy,1
Sand,Rehovot_samp3_highkV_Cu0.11_15um,6,"517,133,133",128,2,0.521611213684082,y,original,ok,1.5669686198398307,25.435862799873576,"porespy3.0.4 tortuosity_fd default: openpnm3.6.3 PyamgRugeStubenSolver(tol=1e-8,maxiter=1000)",,E:\PROJECTS\Yael_Mishael\Rony\remote_computer backup\10.5\Rehovot_samp3_highkV_Cu0.11_15um.npy,1
Sand,Rehovot_samp3_highkV_Cu0.11_15um,7,"517,517,517",128,0,0.3331961631774902,y,original,ok,6.0205710219381725,20.710077399853617,"porespy3.0.4 tortuosity_fd default: openpnm3.6.3 PyamgRugeStubenSolver(tol=1e-8,maxiter=1000)",,E:\PROJECTS\Yael_Mishael\Rony\remote_computer backup\10.5\Rehovot_samp3_highkV_Cu0.11_15um.npy,1
Sand,Rehovot_samp3_highkV_Cu0.11_15um,7,"517,517,517",128,1,0.3331961631774902,y,original,ok,2.066118477755289,28.436199199873958,"porespy3.0.4 tortuosity_fd default: openpnm3.6.3 PyamgRugeStubenSolver(tol=1e-8,maxiter=1000)",,E:\PROJECTS\Yael_Mishael\Rony\remote_computer backup\10.5\Rehovot_samp3_highkV_Cu0.11_15um.npy,1
Sand,Rehovot_samp3_highkV_Cu0.11_15um,7,"517,517,517",128,2,0.3331961631774902,y,original,ok,1.9652200490352825,18.937319099903107,"porespy3.0.4 tortuosity_fd default: openpnm3.6.3 PyamgRugeStubenSolver(tol=1e-8,maxiter=1000)",,E:\PROJECTS\Yael_Mishael\Rony\remote_computer backup\10.5\Rehovot_samp3_highkV_Cu0.11_15um.npy,1
Vertisol,bnei_reem_specA_unified,0,"25,25,25",200,0,0.130121,y,original,ok,9.461409436083036,55.26464680000208,"porespy3.0.4 tortuosity_fd default: openpnm3.6.3 PyamgRugeStubenSolver(tol=1e-8,maxiter=1000)",,E:\PROJECTS\Yael_Mishael\Rony\remote_computer backup\nnUNet_resources\bnei_reem_specA_unified\inference_concatenated\bnei_reem_specA_unified.nii.gz,5
Vertisol,bnei_reem_specA_unified,0,"25,25,25",200,1,0.130121,y,original,ok,6.492933155027025,43.681203899905086,"porespy3.0.4 tortuosity_fd default: openpnm3.6.3 PyamgRugeStubenSolver(tol=1e-8,maxiter=1000)",,E:\PROJECTS\Yael_Mishael\Rony\remote_computer backup\nnUNet_resources\bnei_reem_specA_unified\inference_concatenated\bnei_reem_specA_unified.nii.gz,5
Vertisol,bnei_reem_specA_unified,0,"25,25,25",200,2,0.130121,y,original,ok,162.02435745405907,69.87829469982535,"porespy3.0.4 tortuosity_fd default: openpnm3.6.3 PyamgRugeStubenSolver(tol=1e-8,maxiter=1000)",,E:\PROJECTS\Yael_Mishael\Rony\remote_computer backup\nnUNet_resources\bnei_reem_specA_unified\inference_concatenated\bnei_reem_specA_unified.nii.gz,5
Vertisol,bnei_reem_specA_unified,1,"25,225,225",200,0,0.14308325,y,original,ok,24.494712988393587,94.68518029991536,"porespy3.0.4 tortuosity_fd default: openpnm3.6.3 PyamgRugeStubenSolver(tol=1e-8,maxiter=1000)",,E:\PROJECTS\Yael_Mishael\Rony\remote_computer backup\nnUNet_resources\bnei_reem_specA_unified\inference_concatenated\bnei_reem_specA_unified.nii.gz,5
Vertisol,bnei_reem_specA_unified,1,"25,225,225",200,1,0.14308325,y,original,ok,32.872604406265204,73.22267579985783,"porespy3.0.4 tortuosity_fd default: openpnm3.6.3 PyamgRugeStubenSolver(tol=1e-8,maxiter=1000)",,E:\PROJECTS\Yael_Mishael\Rony\remote_computer backup\nnUNet_resources\bnei_reem_specA_unified\inference_concatenated\bnei_reem_specA_unified.nii.gz,5
Vertisol,bnei_reem_specA_unified,1,"25,225,225",200,2,0.14308325,y,original,ok,6.878939668223381,84.45043700002134,"porespy3.0.4 tortuosity_fd default: openpnm3.6.3 PyamgRugeStubenSolver(tol=1e-8,maxiter=1000)",,E:\PROJECTS\Yael_Mishael\Rony\remote_computer backup\nnUNet_resources\bnei_reem_specA_unified\inference_concatenated\bnei_reem_specA_unified.nii.gz,5
Vertisol,bnei_reem_specA_unified,2,"25,425,225",200,0,0.169921,y,original,ok,20.023217590339623,50.92657480016351,"porespy3.0.4 tortuosity_fd default: openpnm3.6.3 PyamgRugeStubenSolver(tol=1e-8,maxiter=1000)",,E:\PROJECTS\Yael_Mishael\Rony\remote_computer backup\nnUNet_resources\bnei_reem_specA_unified\inference_concatenated\bnei_reem_specA_unified.nii.gz,5
Vertisol,bnei_reem_specA_unified,2,"25,425,225",200,1,0.169921,y,original,ok,25.048209574885927,51.796824200078845,"porespy3.0.4 tortuosity_fd default: openpnm3.6.3 PyamgRugeStubenSolver(tol=1e-8,maxiter=1000)",,E:\PROJECTS\Yael_Mishael\Rony\remote_computer backup\nnUNet_resources\bnei_reem_specA_unified\inference_concatenated\bnei_reem_specA_unified.nii.gz,5
Vertisol,bnei_reem_specA_unified,2,"25,425,225",200,2,0.169921,y,original,ok,2.890397034741658,57.85095810005441,"porespy3.0.4 tortuosity_fd default: openpnm3.6.3 PyamgRugeStubenSolver(tol=1e-8,maxiter=1000)",,E:\PROJECTS\Yael_Mishael\Rony\remote_computer backup\nnUNet_resources\bnei_reem_specA_unified\inference_concatenated\bnei_reem_specA_unified.nii.gz,5
Vertisol,bnei_reem_specA_unified,3,"225,25,425",200,0,0.137706125,y,original,ok,52.36215386354629,115.72213039989585,"porespy3.0.4 tortuosity_fd default: openpnm3.6.3 PyamgRugeStubenSolver(tol=1e-8,maxiter=1000)",,E:\PROJECTS\Yael_Mishael\Rony\remote_computer backup\nnUNet_resources\bnei_reem_specA_unified\inference_concatenated\bnei_reem_specA_unified.nii.gz,5
Vertisol,bnei_reem_specA_unified,3,"225,25,425",200,1,0.137706125,y,original,timeout,,176.40130257606506,"porespy3.0.4 tortuosity_fd default: openpnm3.6.3 PyamgRugeStubenSolver(tol=1e-8,maxiter=1000)",timeout>175.0s,E:\PROJECTS\Yael_Mishael\Rony\remote_computer backup\nnUNet_resources\bnei_reem_specA_unified\inference_concatenated\bnei_reem_specA_unified.nii.gz,5
Vertisol,bnei_reem_specA_unified,3,"225,25,425",200,2,0.137706125,y,original,ok,26.13589877157532,136.26602310012095,"porespy3.0.4 tortuosity_fd default: openpnm3.6.3 PyamgRugeStubenSolver(tol=1e-8,maxiter=1000)",,E:\PROJECTS\Yael_Mishael\Rony\remote_computer backup\nnUNet_resources\bnei_reem_specA_unified\inference_concatenated\bnei_reem_specA_unified.nii.gz,5
Vertisol,bnei_reem_specA_unified,4,"225,425,25",200,0,0.14773775,y,original,ok,20.20886034845055,51.57462679990567,"porespy3.0.4 tortuosity_fd default: openpnm3.6.3 PyamgRugeStubenSolver(tol=1e-8,maxiter=1000)",,E:\PROJECTS\Yael_Mishael\Rony\remote_computer backup\nnUNet_resources\bnei_reem_specA_unified\inference_concatenated\bnei_reem_specA_unified.nii.gz,5
Vertisol,bnei_reem_specA_unified,4,"225,425,25",200,1,0.14773775,y,original,ok,22.82547143737974,50.7552660999354,"porespy3.0.4 tortuosity_fd default: openpnm3.6.3 PyamgRugeStubenSolver(tol=1e-8,maxiter=1000)",,E:\PROJECTS\Yael_Mishael\Rony\remote_computer backup\nnUNet_resources\bnei_reem_specA_unified\inference_concatenated\bnei_reem_specA_unified.nii.gz,5
Vertisol,bnei_reem_specA_unified,4,"225,425,25",200,2,0.14773775,y,original,ok,13.482255686155018,67.41976689989679,"porespy3.0.4 tortuosity_fd default: openpnm3.6.3 PyamgRugeStubenSolver(tol=1e-8,maxiter=1000)",,E:\PROJECTS\Yael_Mishael\Rony\remote_computer backup\nnUNet_resources\bnei_reem_specA_unified\inference_concatenated\bnei_reem_specA_unified.nii.gz,5
Vertisol,bnei_reem_specA_unified,5,"425,25,225",200,0,0.154467125,y,original,ok,14.741006760347732,38.72623859997839,"porespy3.0.4 tortuosity_fd default: openpnm3.6.3 PyamgRugeStubenSolver(tol=1e-8,maxiter=1000)",,E:\PROJECTS\Yael_Mishael\Rony\remote_computer backup\nnUNet_resources\bnei_reem_specA_unified\inference_concatenated\bnei_reem_specA_unified.nii.gz,5
Vertisol,bnei_reem_specA_unified,5,"425,25,225",200,1,0.154467125,y,original,ok,20.600201196696304,48.171712999930605,"porespy3.0.4 tortuosity_fd default: openpnm3.6.3 PyamgRugeStubenSolver(tol=1e-8,maxiter=1000)",,E:\PROJECTS\Yael_Mishael\Rony\remote_computer backup\nnUNet_resources\bnei_reem_specA_unified\inference_concatenated\bnei_reem_specA_unified.nii.gz,5
Vertisol,bnei_reem_specA_unified,5,"425,25,225",200,2,0.154467125,y,original,ok,4.590676579915029,45.6204613998998,"porespy3.0.4 tortuosity_fd default: openpnm3.6.3 PyamgRugeStubenSolver(tol=1e-8,maxiter=1000)",,E:\PROJECTS\Yael_Mishael\Rony\remote_computer backup\nnUNet_resources\bnei_reem_specA_unified\inference_concatenated\bnei_reem_specA_unified.nii.gz,5
Vertisol,bnei_reem_specA_unified,6,"425,225,225",200,0,0.1249255,y,original,ok,12.87192131593548,56.74520900007337,"porespy3.0.4 tortuosity_fd default: openpnm3.6.3 PyamgRugeStubenSolver(tol=1e-8,maxiter=1000)",,E:\PROJECTS\Yael_Mishael\Rony\remote_computer backup\nnUNet_resources\bnei_reem_specA_unified\inference_concatenated\bnei_reem_specA_unified.nii.gz,5
Vertisol,bnei_reem_specA_unified,6,"425,225,225",200,1,0.1249255,y,original,ok,18.62155855031096,41.71568730007857,"porespy3.0.4 tortuosity_fd default: openpnm3.6.3 PyamgRugeStubenSolver(tol=1e-8,maxiter=1000)",,E:\PROJECTS\Yael_Mishael\Rony\remote_computer backup\nnUNet_resources\bnei_reem_specA_unified\inference_concatenated\bnei_reem_specA_unified.nii.gz,5
Vertisol,bnei_reem_specA_unified,6,"425,225,225",200,2,0.1249255,y,original,ok,55.993798854242144,88.92659809999168,"porespy3.0.4 tortuosity_fd default: openpnm3.6.3 PyamgRugeStubenSolver(tol=1e-8,maxiter=1000)",,E:\PROJECTS\Yael_Mishael\Rony\remote_computer backup\nnUNet_resources\bnei_reem_specA_unified\inference_concatenated\bnei_reem_specA_unified.nii.gz,5
Vertisol,bnei_reem_specA_unified,7,"425,425,425",200,0,0.143248375,y,original,ok,49.34183516795981,84.85257139988244,"porespy3.0.4 tortuosity_fd default: openpnm3.6.3 PyamgRugeStubenSolver(tol=1e-8,maxiter=1000)",,E:\PROJECTS\Yael_Mishael\Rony\remote_computer backup\nnUNet_resources\bnei_reem_specA_unified\inference_concatenated\bnei_reem_specA_unified.nii.gz,5
Vertisol,bnei_reem_specA_unified,7,"425,425,425",200,1,0.143248375,y,original,ok,53.858714076044016,49.770002000033855,"porespy3.0.4 tortuosity_fd default: openpnm3.6.3 PyamgRugeStubenSolver(tol=1e-8,maxiter=1000)",,E:\PROJECTS\Yael_Mishael\Rony\remote_computer backup\nnUNet_resources\bnei_reem_specA_unified\inference_concatenated\bnei_reem_specA_unified.nii.gz,5
Vertisol,bnei_reem_specA_unified,7,"425,425,425",200,2,0.143248375,y,original,ok,28.26257460983293,153.5868592998013,"porespy3.0.4 tortuosity_fd default: openpnm3.6.3 PyamgRugeStubenSolver(tol=1e-8,maxiter=1000)",,E:\PROJECTS\Yael_Mishael\Rony\remote_computer backup\nnUNet_resources\bnei_reem_specA_unified\inference_concatenated\bnei_reem_specA_unified.nii.gz,5
Vertisol,bnei_reem_specB_unified,0,"25,25,25",200,0,0.21826,y,original,ok,2.169204224287188,47.48718219995499,"porespy3.0.4 tortuosity_fd default: openpnm3.6.3 PyamgRugeStubenSolver(tol=1e-8,maxiter=1000)",,E:\PROJECTS\Yael_Mishael\Rony\remote_computer backup\nnUNet_resources\bnei_reem_specB_unified\inference_concatenated\bnei_reem_specB_unified.nii.gz,5
Vertisol,bnei_reem_specB_unified,0,"25,25,25",200,1,0.21826,y,original,ok,7.141139720456456,68.0895033001434,"porespy3.0.4 tortuosity_fd default: openpnm3.6.3 PyamgRugeStubenSolver(tol=1e-8,maxiter=1000)",,E:\PROJECTS\Yael_Mishael\Rony\remote_computer backup\nnUNet_resources\bnei_reem_specB_unified\inference_concatenated\bnei_reem_specB_unified.nii.gz,5
Vertisol,bnei_reem_specB_unified,0,"25,25,25",200,2,0.21826,y,original,ok,5.495564874117832,56.57245770003647,"porespy3.0.4 tortuosity_fd default: openpnm3.6.3 PyamgRugeStubenSolver(tol=1e-8,maxiter=1000)",,E:\PROJECTS\Yael_Mishael\Rony\remote_computer backup\nnUNet_resources\bnei_reem_specB_unified\inference_concatenated\bnei_reem_specB_unified.nii.gz,5
Vertisol,bnei_reem_specB_unified,1,"25,225,225",200,0,0.30095125,y,original,ok,2.31023915747685,90.06464009988122,"porespy3.0.4 tortuosity_fd default: openpnm3.6.3 PyamgRugeStubenSolver(tol=1e-8,maxiter=1000)",,E:\PROJECTS\Yael_Mishael\Rony\remote_computer backup\nnUNet_resources\bnei_reem_specB_unified\inference_concatenated\bnei_reem_specB_unified.nii.gz,5
Vertisol,bnei_reem_specB_unified,1,"25,225,225",200,1,0.30095125,y,original,ok,5.723691691437828,64.6588661998976,"porespy3.0.4 tortuosity_fd default: openpnm3.6.3 PyamgRugeStubenSolver(tol=1e-8,maxiter=1000)",,E:\PROJECTS\Yael_Mishael\Rony\remote_computer backup\nnUNet_resources\bnei_reem_specB_unified\inference_concatenated\bnei_reem_specB_unified.nii.gz,5
Vertisol,bnei_reem_specB_unified,1,"25,225,225",200,2,0.30095125,y,original,ok,7.784249319733541,100.25038279988804,"porespy3.0.4 tortuosity_fd default: openpnm3.6.3 PyamgRugeStubenSolver(tol=1e-8,maxiter=1000)",,E:\PROJECTS\Yael_Mishael\Rony\remote_computer backup\nnUNet_resources\bnei_reem_specB_unified\inference_concatenated\bnei_reem_specB_unified.nii.gz,5
Vertisol,bnei_reem_specB_unified,2,"25,425,225",200,0,0.3810225,y,original,ok,3.770456549570104,82.7537831000518,"porespy3.0.4 tortuosity_fd default: openpnm3.6.3 PyamgRugeStubenSolver(tol=1e-8,maxiter=1000)",,E:\PROJECTS\Yael_Mishael\Rony\remote_computer backup\nnUNet_resources\bnei_reem_specB_unified\inference_concatenated\bnei_reem_specB_unified.nii.gz,5
Vertisol,bnei_reem_specB_unified,2,"25,425,225",200,1,0.3810225,y,original,ok,3.144968276520176,117.99437329987995,"porespy3.0.4 tortuosity_fd default: openpnm3.6.3 PyamgRugeStubenSolver(tol=1e-8,maxiter=1000)",,E:\PROJECTS\Yael_Mishael\Rony\remote_computer backup\nnUNet_resources\bnei_reem_specB_unified\inference_concatenated\bnei_reem_specB_unified.nii.gz,5
Vertisol,bnei_reem_specB_unified,2,"25,425,225",200,2,0.3810225,y,original,ok,1.7241072335763374,83.96499300003052,"porespy3.0.4 tortuosity_fd default: openpnm3.6.3 PyamgRugeStubenSolver(tol=1e-8,maxiter=1000)",,E:\PROJECTS\Yael_Mishael\Rony\remote_computer backup\nnUNet_resources\bnei_reem_specB_unified\inference_concatenated\bnei_reem_specB_unified.nii.gz,5
Vertisol,bnei_reem_specB_unified,3,"225,25,425",200,0,0.168925,y,original,ok,12.59250177714824,54.527977799996734,"porespy3.0.4 tortuosity_fd default: openpnm3.6.3 PyamgRugeStubenSolver(tol=1e-8,maxiter=1000)",,E:\PROJECTS\Yael_Mishael\Rony\remote_computer backup\nnUNet_resources\bnei_reem_specB_unified\inference_concatenated\bnei_reem_specB_unified.nii.gz,5
Vertisol,bnei_reem_specB_unified,3,"225,25,425",200,1,0.168925,y,original,ok,7.59078329145515,65.23223809991032,"porespy3.0.4 tortuosity_fd default: openpnm3.6.3 PyamgRugeStubenSolver(tol=1e-8,maxiter=1000)",,E:\PROJECTS\Yael_Mishael\Rony\remote_computer backup\nnUNet_resources\bnei_reem_specB_unified\inference_concatenated\bnei_reem_specB_unified.nii.gz,5
Vertisol,bnei_reem_specB_unified,3,"225,25,425",200,2,0.168925,y,original,ok,4.062812427143268,62.55327049992047,"porespy3.0.4 tortuosity_fd default: openpnm3.6.3 PyamgRugeStubenSolver(tol=1e-8,maxiter=1000)",,E:\PROJECTS\Yael_Mishael\Rony\remote_computer backup\nnUNet_resources\bnei_reem_specB_unified\inference_concatenated\bnei_reem_specB_unified.nii.gz,5
Vertisol,bnei_reem_specB_unified,4,"225,425,25",200,0,0.14298875,y,original,ok,8.456668796944895,38.641018900088966,"porespy3.0.4 tortuosity_fd default: openpnm3.6.3 PyamgRugeStubenSolver(tol=1e-8,maxiter=1000)",,E:\PROJECTS\Yael_Mishael\Rony\remote_computer backup\nnUNet_resources\bnei_reem_specB_unified\inference_concatenated\bnei_reem_specB_unified.nii.gz,5
Vertisol,bnei_reem_specB_unified,4,"225,425,25",200,1,0.14298875,y,original,ok,12.533679610145882,40.2546339998953,"porespy3.0.4 tortuosity_fd default: openpnm3.6.3 PyamgRugeStubenSolver(tol=1e-8,maxiter=1000)",,E:\PROJECTS\Yael_Mishael\Rony\remote_computer backup\nnUNet_resources\bnei_reem_specB_unified\inference_concatenated\bnei_reem_specB_unified.nii.gz,5
Vertisol,bnei_reem_specB_unified,4,"225,425,25",200,2,0.14298875,y,original,ok,8.098159124934263,37.94369310000911,"porespy3.0.4 tortuosity_fd default: openpnm3.6.3 PyamgRugeStubenSolver(tol=1e-8,maxiter=1000)",,E:\PROJECTS\Yael_Mishael\Rony\remote_computer backup\nnUNet_resources\bnei_reem_specB_unified\inference_concatenated\bnei_reem_specB_unified.nii.gz,5
Vertisol,bnei_reem_specB_unified,5,"425,25,225",200,0,0.151016875,y,original,ok,7.482764092105765,47.76484409999102,"porespy3.0.4 tortuosity_fd default: openpnm3.6.3 PyamgRugeStubenSolver(tol=1e-8,maxiter=1000)",,E:\PROJECTS\Yael_Mishael\Rony\remote_computer backup\nnUNet_resources\bnei_reem_specB_unified\inference_concatenated\bnei_reem_specB_unified.nii.gz,5
Vertisol,bnei_reem_specB_unified,5,"425,25,225",200,1,0.151016875,y,original,ok,12.788504806749833,73.6665578999091,"porespy3.0.4 tortuosity_fd default: openpnm3.6.3 PyamgRugeStubenSolver(tol=1e-8,maxiter=1000)",,E:\PROJECTS\Yael_Mishael\Rony\remote_computer backup\nnUNet_resources\bnei_reem_specB_unified\inference_concatenated\bnei_reem_specB_unified.nii.gz,5
Vertisol,bnei_reem_specB_unified,5,"425,25,225",200,2,0.151016875,y,original,ok,5.961663904732676,37.53453720011749,"porespy3.0.4 tortuosity_fd default: openpnm3.6.3 PyamgRugeStubenSolver(tol=1e-8,maxiter=1000)",,E:\PROJECTS\Yael_Mishael\Rony\remote_computer backup\nnUNet_resources\bnei_reem_specB_unified\inference_concatenated\bnei_reem_specB_unified.nii.gz,5
Vertisol,bnei_reem_specB_unified,6,"425,225,225",200,0,0.214242125,y,original,ok,5.8539663870933305,60.68763199984096,"porespy3.0.4 tortuosity_fd default: openpnm3.6.3 PyamgRugeStubenSolver(tol=1e-8,maxiter=1000)",,E:\PROJECTS\Yael_Mishael\Rony\remote_computer backup\nnUNet_resources\bnei_reem_specB_unified\inference_concatenated\bnei_reem_specB_unified.nii.gz,5
Vertisol,bnei_reem_specB_unified,6,"425,225,225",200,1,0.214242125,y,original,ok,5.0847699855648525,80.42640290013514,"porespy3.0.4 tortuosity_fd default: openpnm3.6.3 PyamgRugeStubenSolver(tol=1e-8,maxiter=1000)",,E:\PROJECTS\Yael_Mishael\Rony\remote_computer backup\nnUNet_resources\bnei_reem_specB_unified\inference_concatenated\bnei_reem_specB_unified.nii.gz,5
Vertisol,bnei_reem_specB_unified,6,"425,225,225",200,2,0.214242125,y,original,ok,5.627884653243891,57.478644100017846,"porespy3.0.4 tortuosity_fd default: openpnm3.6.3 PyamgRugeStubenSolver(tol=1e-8,maxiter=1000)",,E:\PROJECTS\Yael_Mishael\Rony\remote_computer backup\nnUNet_resources\bnei_reem_specB_unified\inference_concatenated\bnei_reem_specB_unified.nii.gz,5
Vertisol,bnei_reem_specB_unified,7,"425,425,425",200,0,0.194346375,y,original,ok,4.244185727358336,63.16275370004587,"porespy3.0.4 tortuosity_fd default: openpnm3.6.3 PyamgRugeStubenSolver(tol=1e-8,maxiter=1000)",,E:\PROJECTS\Yael_Mishael\Rony\remote_computer backup\nnUNet_resources\bnei_reem_specB_unified\inference_concatenated\bnei_reem_specB_unified.nii.gz,5
Vertisol,bnei_reem_specB_unified,7,"425,425,425",200,1,0.194346375,y,original,ok,15.604692205627057,68.94650869979523,"porespy3.0.4 tortuosity_fd default: openpnm3.6.3 PyamgRugeStubenSolver(tol=1e-8,maxiter=1000)",,E:\PROJECTS\Yael_Mishael\Rony\remote_computer backup\nnUNet_resources\bnei_reem_specB_unified\inference_concatenated\bnei_reem_specB_unified.nii.gz,5
Vertisol,bnei_reem_specB_unified,7,"425,425,425",200,2,0.194346375,y,original,ok,3.697763463560715,47.83525550016202,"porespy3.0.4 tortuosity_fd default: openpnm3.6.3 PyamgRugeStubenSolver(tol=1e-8,maxiter=1000)",,E:\PROJECTS\Yael_Mishael\Rony\remote_computer backup\nnUNet_resources\bnei_reem_specB_unified\inference_concatenated\bnei_reem_specB_unified.nii.gz,5
Loess,mishmar_3_5p85um_label_ds15,0,"37,37,37",200,0,0.326934875,y,original,ok,2.3804821393774254,99.42220319993794,"porespy3.0.4 tortuosity_fd default: openpnm3.6.3 PyamgRugeStubenSolver(tol=1e-8,maxiter=1000)",,E:\PROJECTS\Yael_Mishael\Rony\remote_computer backup\nnUNet4SoilXrayCT\05_evaluation\psd\pom_analysis_20260829_roi_expansion\pipeline_work\mishmar_native_5p85um\mishmar_native_5p85um_label_downsample.nii.gz,5
Loess,mishmar_3_5p85um_label_ds15,0,"37,37,37",200,1,0.326934875,y,original,ok,2.749287224825072,126.60177139984444,"porespy3.0.4 tortuosity_fd default: openpnm3.6.3 PyamgRugeStubenSolver(tol=1e-8,maxiter=1000)",,E:\PROJECTS\Yael_Mishael\Rony\remote_computer backup\nnUNet4SoilXrayCT\05_evaluation\psd\pom_analysis_20260829_roi_expansion\pipeline_work\mishmar_native_5p85um\mishmar_native_5p85um_label_downsample.nii.gz,5
Loess,mishmar_3_5p85um_label_ds15,0,"37,37,37",200,2,0.326934875,y,original,ok,2.834001001312861,98.379374000011,"porespy3.0.4 tortuosity_fd default: openpnm3.6.3 PyamgRugeStubenSolver(tol=1e-8,maxiter=1000)",,E:\PROJECTS\Yael_Mishael\Rony\remote_computer backup\nnUNet4SoilXrayCT\05_evaluation\psd\pom_analysis_20260829_roi_expansion\pipeline_work\mishmar_native_5p85um\mishmar_native_5p85um_label_downsample.nii.gz,5
Loess,mishmar_3_5p85um_label_ds15,1,"37,37,237",200,0,0.29292175,y,original,ok,3.004919317048038,171.6938744999934,"porespy3.0.4 tortuosity_fd default: openpnm3.6.3 PyamgRugeStubenSolver(tol=1e-8,maxiter=1000)",,E:\PROJECTS\Yael_Mishael\Rony\remote_computer backup\nnUNet4SoilXrayCT\05_evaluation\psd\pom_analysis_20260829_roi_expansion\pipeline_work\mishmar_native_5p85um\mishmar_native_5p85um_label_downsample.nii.gz,5
Loess,mishmar_3_5p85um_label_ds15,1,"37,37,237",200,1,0.29292175,y,original,ok,3.2205020517540874,101.17362409993076,"porespy3.0.4 tortuosity_fd default: openpnm3.6.3 PyamgRugeStubenSolver(tol=1e-8,maxiter=1000)",,E:\PROJECTS\Yael_Mishael\Rony\remote_computer backup\nnUNet4SoilXrayCT\05_evaluation\psd\pom_analysis_20260829_roi_expansion\pipeline_work\mishmar_native_5p85um\mishmar_native_5p85um_label_downsample.nii.gz,5
Loess,mishmar_3_5p85um_label_ds15,1,"37,37,237",200,2,0.29292175,y,original,ok,3.184660597544233,104.48790679988451,"porespy3.0.4 tortuosity_fd default: openpnm3.6.3 PyamgRugeStubenSolver(tol=1e-8,maxiter=1000)",,E:\PROJECTS\Yael_Mishael\Rony\remote_computer backup\nnUNet4SoilXrayCT\05_evaluation\psd\pom_analysis_20260829_roi_expansion\pipeline_work\mishmar_native_5p85um\mishmar_native_5p85um_label_downsample.nii.gz,5
Loess,mishmar_3_5p85um_label_ds15,2,"37,237,37",200,0,0.285185375,y,original,ok,3.3349440727359285,104.41642759996466,"porespy3.0.4 tortuosity_fd default: openpnm3.6.3 PyamgRugeStubenSolver(tol=1e-8,maxiter=1000)",,E:\PROJECTS\Yael_Mishael\Rony\remote_computer backup\nnUNet4SoilXrayCT\05_evaluation\psd\pom_analysis_20260829_roi_expansion\pipeline_work\mishmar_native_5p85um\mishmar_native_5p85um_label_downsample.nii.gz,5
Loess,mishmar_3_5p85um_label_ds15,2,"37,237,37",200,1,0.285185375,y,original,ok,2.905784953885369,102.7769541000016,"porespy3.0.4 tortuosity_fd default: openpnm3.6.3 PyamgRugeStubenSolver(tol=1e-8,maxiter=1000)",,E:\PROJECTS\Yael_Mishael\Rony\remote_computer backup\nnUNet4SoilXrayCT\05_evaluation\psd\pom_analysis_20260829_roi_expansion\pipeline_work\mishmar_native_5p85um\mishmar_native_5p85um_label_downsample.nii.gz,5
Loess,mishmar_3_5p85um_label_ds15,2,"37,237,37",200,2,0.285185375,y,original,ok,3.416321457983005,110.36219979985616,"porespy3.0.4 tortuosity_fd default: openpnm3.6.3 PyamgRugeStubenSolver(tol=1e-8,maxiter=1000)",,E:\PROJECTS\Yael_Mishael\Rony\remote_computer backup\nnUNet4SoilXrayCT\05_evaluation\psd\pom_analysis_20260829_roi_expansion\pipeline_work\mishmar_native_5p85um\mishmar_native_5p85um_label_downsample.nii.gz,5
Loess,mishmar_3_5p85um_label_ds15,3,"37,237,237",200,0,0.298774875,y,original,ok,3.1956633246244266,131.4329353000503,"porespy3.0.4 tortuosity_fd default: openpnm3.6.3 PyamgRugeStubenSolver(tol=1e-8,maxiter=1000)",,E:\PROJECTS\Yael_Mishael\Rony\remote_computer backup\nnUNet4SoilXrayCT\05_evaluation\psd\pom_analysis_20260829_roi_expansion\pipeline_work\mishmar_native_5p85um\mishmar_native_5p85um_label_downsample.nii.gz,5
Loess,mishmar_3_5p85um_label_ds15,3,"37,237,237",200,1,0.298774875,y,original,ok,3.3902514435355062,116.0749498999212,"porespy3.0.4 tortuosity_fd default: openpnm3.6.3 PyamgRugeStubenSolver(tol=1e-8,maxiter=1000)",,E:\PROJECTS\Yael_Mishael\Rony\remote_computer backup\nnUNet4SoilXrayCT\05_evaluation\psd\pom_analysis_20260829_roi_expansion\pipeline_work\mishmar_native_5p85um\mishmar_native_5p85um_label_downsample.nii.gz,5
Loess,mishmar_3_5p85um_label_ds15,3,"37,237,237",200,2,0.298774875,y,original,ok,3.847326205201275,97.31053610006347,"porespy3.0.4 tortuosity_fd default: openpnm3.6.3 PyamgRugeStubenSolver(tol=1e-8,maxiter=1000)",,E:\PROJECTS\Yael_Mishael\Rony\remote_computer backup\nnUNet4SoilXrayCT\05_evaluation\psd\pom_analysis_20260829_roi_expansion\pipeline_work\mishmar_native_5p85um\mishmar_native_5p85um_label_downsample.nii.gz,5
Loess,mishmar_3_5p85um_label_ds15,4,"237,37,37",200,0,0.250217375,y,original,timeout,,176.30624127388,"porespy3.0.4 tortuosity_fd default: openpnm3.6.3 PyamgRugeStubenSolver(tol=1e-8,maxiter=1000)",timeout>175.0s,E:\PROJECTS\Yael_Mishael\Rony\remote_computer backup\nnUNet4SoilXrayCT\05_evaluation\psd\pom_analysis_20260829_roi_expansion\pipeline_work\mishmar_native_5p85um\mishmar_native_5p85um_label_downsample.nii.gz,5
Loess,mishmar_3_5p85um_label_ds15,4,"237,37,37",200,1,0.250217375,y,original,timeout,,176.18349194526672,"porespy3.0.4 tortuosity_fd default: openpnm3.6.3 PyamgRugeStubenSolver(tol=1e-8,maxiter=1000)",timeout>175.0s,E:\PROJECTS\Yael_Mishael\Rony\remote_computer backup\nnUNet4SoilXrayCT\05_evaluation\psd\pom_analysis_20260829_roi_expansion\pipeline_work\mishmar_native_5p85um\mishmar_native_5p85um_label_downsample.nii.gz,5
Loess,mishmar_3_5p85um_label_ds15,4,"237,37,37",200,2,0.250217375,y,original,ok,3.160465364824954,156.90332149993628,"porespy3.0.4 tortuosity_fd default: openpnm3.6.3 PyamgRugeStubenSolver(tol=1e-8,maxiter=1000)",,E:\PROJECTS\Yael_Mishael\Rony\remote_computer backup\nnUNet4SoilXrayCT\05_evaluation\psd\pom_analysis_20260829_roi_expansion\pipeline_work\mishmar_native_5p85um\mishmar_native_5p85um_label_downsample.nii.gz,5
Loess,mishmar_3_5p85um_label_ds15,5,"237,37,237",200,0,0.2499725,y,original,ok,3.342203280249413,116.71718739997596,"porespy3.0.4 tortuosity_fd default: openpnm3.6.3 PyamgRugeStubenSolver(tol=1e-8,maxiter=1000)",,E:\PROJECTS\Yael_Mishael\Rony\remote_computer backup\nnUNet4SoilXrayCT\05_evaluation\psd\pom_analysis_20260829_roi_expansion\pipeline_work\mishmar_native_5p85um\mishmar_native_5p85um_label_downsample.nii.gz,5
Loess,mishmar_3_5p85um_label_ds15,5,"237,37,237",200,1,0.2499725,y,original,ok,6.533891743870861,132.0064483000897,"porespy3.0.4 tortuosity_fd default: openpnm3.6.3 PyamgRugeStubenSolver(tol=1e-8,maxiter=1000)",,E:\PROJECTS\Yael_Mishael\Rony\remote_computer backup\nnUNet4SoilXrayCT\05_evaluation\psd\pom_analysis_20260829_roi_expansion\pipeline_work\mishmar_native_5p85um\mishmar_native_5p85um_label_downsample.nii.gz,5
Loess,mishmar_3_5p85um_label_ds15,5,"237,37,237",200,2,0.2499725,y,original,timeout,,175.67625546455383,"porespy3.0.4 tortuosity_fd default: openpnm3.6.3 PyamgRugeStubenSolver(tol=1e-8,maxiter=1000)",timeout>175.0s,E:\PROJECTS\Yael_Mishael\Rony\remote_computer backup\nnUNet4SoilXrayCT\05_evaluation\psd\pom_analysis_20260829_roi_expansion\pipeline_work\mishmar_native_5p85um\mishmar_native_5p85um_label_downsample.nii.gz,5
Loess,mishmar_3_5p85um_label_ds15,6,"237,237,37",200,0,0.2720475,y,original,ok,2.947164174400292,124.86545759998262,"porespy3.0.4 tortuosity_fd default: openpnm3.6.3 PyamgRugeStubenSolver(tol=1e-8,maxiter=1000)",,E:\PROJECTS\Yael_Mishael\Rony\remote_computer backup\nnUNet4SoilXrayCT\05_evaluation\psd\pom_analysis_20260829_roi_expansion\pipeline_work\mishmar_native_5p85um\mishmar_native_5p85um_label_downsample.nii.gz,5
Loess,mishmar_3_5p85um_label_ds15,6,"237,237,37",200,1,0.2720475,y,original,ok,3.347067432531519,140.69878629990853,"porespy3.0.4 tortuosity_fd default: openpnm3.6.3 PyamgRugeStubenSolver(tol=1e-8,maxiter=1000)",,E:\PROJECTS\Yael_Mishael\Rony\remote_computer backup\nnUNet4SoilXrayCT\05_evaluation\psd\pom_analysis_20260829_roi_expansion\pipeline_work\mishmar_native_5p85um\mishmar_native_5p85um_label_downsample.nii.gz,5
Loess,mishmar_3_5p85um_label_ds15,6,"237,237,37",200,2,0.2720475,y,original,ok,2.77311497459678,135.35834379983137,"porespy3.0.4 tortuosity_fd default: openpnm3.6.3 PyamgRugeStubenSolver(tol=1e-8,maxiter=1000)",,E:\PROJECTS\Yael_Mishael\Rony\remote_computer backup\nnUNet4SoilXrayCT\05_evaluation\psd\pom_analysis_20260829_roi_expansion\pipeline_work\mishmar_native_5p85um\mishmar_native_5p85um_label_downsample.nii.gz,5
Loess,mishmar_3_5p85um_label_ds15,7,"237,237,237",200,0,0.22636975,y,original,ok,4.282504308462392,116.97192489984444,"porespy3.0.4 tortuosity_fd default: openpnm3.6.3 PyamgRugeStubenSolver(tol=1e-8,maxiter=1000)",,E:\PROJECTS\Yael_Mishael\Rony\remote_computer backup\nnUNet4SoilXrayCT\05_evaluation\psd\pom_analysis_20260829_roi_expansion\pipeline_work\mishmar_native_5p85um\mishmar_native_5p85um_label_downsample.nii.gz,5
Loess,mishmar_3_5p85um_label_ds15,7,"237,237,237",200,1,0.22636975,y,original,ok,4.850294503351696,126.82558749988677,"porespy3.0.4 tortuosity_fd default: openpnm3.6.3 PyamgRugeStubenSolver(tol=1e-8,maxiter=1000)",,E:\PROJECTS\Yael_Mishael\Rony\remote_computer backup\nnUNet4SoilXrayCT\05_evaluation\psd\pom_analysis_20260829_roi_expansion\pipeline_work\mishmar_native_5p85um\mishmar_native_5p85um_label_downsample.nii.gz,5
Loess,mishmar_3_5p85um_label_ds15,7,"237,237,237",200,2,0.22636975,y,original,ok,4.17189147084731,114.24117349996231,"porespy3.0.4 tortuosity_fd default: openpnm3.6.3 PyamgRugeStubenSolver(tol=1e-8,maxiter=1000)",,E:\PROJECTS\Yael_Mishael\Rony\remote_computer backup\nnUNet4SoilXrayCT\05_evaluation\psd\pom_analysis_20260829_roi_expansion\pipeline_work\mishmar_native_5p85um\mishmar_native_5p85um_label_downsample.nii.gz,5
Loess,mishmar_2_8p8um_label_ds15,0,"273,273,73",200,0,0.284033625,y,original,ok,2.729140845846457,71.59338549990207,"porespy3.0.4 tortuosity_fd default: openpnm3.6.3 PyamgRugeStubenSolver(tol=1e-8,maxiter=1000)",,E:\PROJECTS\Yael_Mishael\Rony\remote_computer backup\nnUNet4SoilXrayCT\05_evaluation\psd\pom_analysis_20260829_roi_expansion\pipeline_work\mishmar_second_8p8um\mishmar_second_8p8um_label_downsample.nii.gz,5
Loess,mishmar_2_8p8um_label_ds15,0,"273,273,73",200,1,0.284033625,y,original,ok,2.2262377706082512,88.47365489997901,"porespy3.0.4 tortuosity_fd default: openpnm3.6.3 PyamgRugeStubenSolver(tol=1e-8,maxiter=1000)",,E:\PROJECTS\Yael_Mishael\Rony\remote_computer backup\nnUNet4SoilXrayCT\05_evaluation\psd\pom_analysis_20260829_roi_expansion\pipeline_work\mishmar_second_8p8um\mishmar_second_8p8um_label_downsample.nii.gz,5
Loess,mishmar_2_8p8um_label_ds15,0,"273,273,73",200,2,0.284033625,y,original,ok,3.418820831515004,83.9053843000438,"porespy3.0.4 tortuosity_fd default: openpnm3.6.3 PyamgRugeStubenSolver(tol=1e-8,maxiter=1000)",,E:\PROJECTS\Yael_Mishael\Rony\remote_computer backup\nnUNet4SoilXrayCT\05_evaluation\psd\pom_analysis_20260829_roi_expansion\pipeline_work\mishmar_second_8p8um\mishmar_second_8p8um_label_downsample.nii.gz,5
Loess,mishmar_2_8p8um_label_ds15,1,"273,273,473",200,0,0.264643,y,original,ok,2.826199463399019,105.14967830013484,"porespy3.0.4 tortuosity_fd default: openpnm3.6.3 PyamgRugeStubenSolver(tol=1e-8,maxiter=1000)",,E:\PROJECTS\Yael_Mishael\Rony\remote_computer backup\nnUNet4SoilXrayCT\05_evaluation\psd\pom_analysis_20260829_roi_expansion\pipeline_work\mishmar_second_8p8um\mishmar_second_8p8um_label_downsample.nii.gz,5
Loess,mishmar_2_8p8um_label_ds15,1,"273,273,473",200,1,0.264643,y,original,ok,3.135246440913401,81.83537099999376,"porespy3.0.4 tortuosity_fd default: openpnm3.6.3 PyamgRugeStubenSolver(tol=1e-8,maxiter=1000)",,E:\PROJECTS\Yael_Mishael\Rony\remote_computer backup\nnUNet4SoilXrayCT\05_evaluation\psd\pom_analysis_20260829_roi_expansion\pipeline_work\mishmar_second_8p8um\mishmar_second_8p8um_label_downsample.nii.gz,5
Loess,mishmar_2_8p8um_label_ds15,1,"273,273,473",200,2,0.264643,y,original,ok,3.09431550007965,96.46516180015168,"porespy3.0.4 tortuosity_fd default: openpnm3.6.3 PyamgRugeStubenSolver(tol=1e-8,maxiter=1000)",,E:\PROJECTS\Yael_Mishael\Rony\remote_computer backup\nnUNet4SoilXrayCT\05_evaluation\psd\pom_analysis_20260829_roi_expansion\pipeline_work\mishmar_second_8p8um\mishmar_second_8p8um_label_downsample.nii.gz,5
Loess,mishmar_2_8p8um_label_ds15,2,"273,473,73",200,0,0.336368625,y,original,ok,2.416628115535881,77.50385829992592,"porespy3.0.4 tortuosity_fd default: openpnm3.6.3 PyamgRugeStubenSolver(tol=1e-8,maxiter=1000)",,E:\PROJECTS\Yael_Mishael\Rony\remote_computer backup\nnUNet4SoilXrayCT\05_evaluation\psd\pom_analysis_20260829_roi_expansion\pipeline_work\mishmar_second_8p8um\mishmar_second_8p8um_label_downsample.nii.gz,5
Loess,mishmar_2_8p8um_label_ds15,2,"273,473,73",200,1,0.336368625,y,original,ok,2.416591585742839,71.2575852998998,"porespy3.0.4 tortuosity_fd default: openpnm3.6.3 PyamgRugeStubenSolver(tol=1e-8,maxiter=1000)",,E:\PROJECTS\Yael_Mishael\Rony\remote_computer backup\nnUNet4SoilXrayCT\05_evaluation\psd\pom_analysis_20260829_roi_expansion\pipeline_work\mishmar_second_8p8um\mishmar_second_8p8um_label_downsample.nii.gz,5
Loess,mishmar_2_8p8um_label_ds15,2,"273,473,73",200,2,0.336368625,y,original,ok,2.3619287912059663,90.32010530005208,"porespy3.0.4 tortuosity_fd default: openpnm3.6.3 PyamgRugeStubenSolver(tol=1e-8,maxiter=1000)",,E:\PROJECTS\Yael_Mishael\Rony\remote_computer backup\nnUNet4SoilXrayCT\05_evaluation\psd\pom_analysis_20260829_roi_expansion\pipeline_work\mishmar_second_8p8um\mishmar_second_8p8um_label_downsample.nii.gz,5
Loess,mishmar_2_8p8um_label_ds15,3,"273,473,473",200,0,0.28972575,y,original,ok,3.1288294447313056,71.6438305999618,"porespy3.0.4 tortuosity_fd default: openpnm3.6.3 PyamgRugeStubenSolver(tol=1e-8,maxiter=1000)",,E:\PROJECTS\Yael_Mishael\Rony\remote_computer backup\nnUNet4SoilXrayCT\05_evaluation\psd\pom_analysis_20260829_roi_expansion\pipeline_work\mishmar_second_8p8um\mishmar_second_8p8um_label_downsample.nii.gz,5
Loess,mishmar_2_8p8um_label_ds15,3,"273,473,473",200,1,0.28972575,y,original,ok,3.141736633236722,154.04418720002286,"porespy3.0.4 tortuosity_fd default: openpnm3.6.3 PyamgRugeStubenSolver(tol=1e-8,maxiter=1000)",,E:\PROJECTS\Yael_Mishael\Rony\remote_computer backup\nnUNet4SoilXrayCT\05_evaluation\psd\pom_analysis_20260829_roi_expansion\pipeline_work\mishmar_second_8p8um\mishmar_second_8p8um_label_downsample.nii.gz,5
Loess,mishmar_2_8p8um_label_ds15,3,"273,473,473",200,2,0.28972575,y,original,ok,3.55153261184402,123.28329099994151,"porespy3.0.4 tortuosity_fd default: openpnm3.6.3 PyamgRugeStubenSolver(tol=1e-8,maxiter=1000)",,E:\PROJECTS\Yael_Mishael\Rony\remote_computer backup\nnUNet4SoilXrayCT\05_evaluation\psd\pom_analysis_20260829_roi_expansion\pipeline_work\mishmar_second_8p8um\mishmar_second_8p8um_label_downsample.nii.gz,5
Loess,mishmar_2_8p8um_label_ds15,4,"473,273,273",200,0,0.2377265,y,original,ok,3.0199275576425397,74.8841878999956,"porespy3.0.4 tortuosity_fd default: openpnm3.6.3 PyamgRugeStubenSolver(tol=1e-8,maxiter=1000)",,E:\PROJECTS\Yael_Mishael\Rony\remote_computer backup\nnUNet4SoilXrayCT\05_evaluation\psd\pom_analysis_20260829_roi_expansion\pipeline_work\mishmar_second_8p8um\mishmar_second_8p8um_label_downsample.nii.gz,5
Loess,mishmar_2_8p8um_label_ds15,4,"473,273,273",200,1,0.2377265,y,original,ok,3.389680523573931,69.30461999983527,"porespy3.0.4 tortuosity_fd default: openpnm3.6.3 PyamgRugeStubenSolver(tol=1e-8,maxiter=1000)",,E:\PROJECTS\Yael_Mishael\Rony\remote_computer backup\nnUNet4SoilXrayCT\05_evaluation\psd\pom_analysis_20260829_roi_expansion\pipeline_work\mishmar_second_8p8um\mishmar_second_8p8um_label_downsample.nii.gz,5
Loess,mishmar_2_8p8um_label_ds15,4,"473,273,273",200,2,0.2377265,y,original,ok,2.7279503810630668,77.41952340002172,"porespy3.0.4 tortuosity_fd default: openpnm3.6.3 PyamgRugeStubenSolver(tol=1e-8,maxiter=1000)",,E:\PROJECTS\Yael_Mishael\Rony\remote_computer backup\nnUNet4SoilXrayCT\05_evaluation\psd\pom_analysis_20260829_roi_expansion\pipeline_work\mishmar_second_8p8um\mishmar_second_8p8um_label_downsample.nii.gz,5
Loess,mishmar_2_8p8um_label_ds15,5,"473,273,673",200,0,0.218239375,y,original,ok,7.268446175451823,71.65767819993198,"porespy3.0.4 tortuosity_fd default: openpnm3.6.3 PyamgRugeStubenSolver(tol=1e-8,maxiter=1000)",,E:\PROJECTS\Yael_Mishael\Rony\remote_computer backup\nnUNet4SoilXrayCT\05_evaluation\psd\pom_analysis_20260829_roi_expansion\pipeline_work\mishmar_second_8p8um\mishmar_second_8p8um_label_downsample.nii.gz,5
Loess,mishmar_2_8p8um_label_ds15,5,"473,273,673",200,1,0.218239375,y,original,ok,6.00802034180867,72.14125869981945,"porespy3.0.4 tortuosity_fd default: openpnm3.6.3 PyamgRugeStubenSolver(tol=1e-8,maxiter=1000)",,E:\PROJECTS\Yael_Mishael\Rony\remote_computer backup\nnUNet4SoilXrayCT\05_evaluation\psd\pom_analysis_20260829_roi_expansion\pipeline_work\mishmar_second_8p8um\mishmar_second_8p8um_label_downsample.nii.gz,5
Loess,mishmar_2_8p8um_label_ds15,5,"473,273,673",200,2,0.218239375,y,original,ok,4.040431841492502,105.98645660001785,"porespy3.0.4 tortuosity_fd default: openpnm3.6.3 PyamgRugeStubenSolver(tol=1e-8,maxiter=1000)",,E:\PROJECTS\Yael_Mishael\Rony\remote_computer backup\nnUNet4SoilXrayCT\05_evaluation\psd\pom_analysis_20260829_roi_expansion\pipeline_work\mishmar_second_8p8um\mishmar_second_8p8um_label_downsample.nii.gz,5
Loess,mishmar_2_8p8um_label_ds15,6,"473,473,273",200,0,0.243995,y,original,ok,3.2025862504620832,81.41135360021144,"porespy3.0.4 tortuosity_fd default: openpnm3.6.3 PyamgRugeStubenSolver(tol=1e-8,maxiter=1000)",,E:\PROJECTS\Yael_Mishael\Rony\remote_computer backup\nnUNet4SoilXrayCT\05_evaluation\psd\pom_analysis_20260829_roi_expansion\pipeline_work\mishmar_second_8p8um\mishmar_second_8p8um_label_downsample.nii.gz,5
Loess,mishmar_2_8p8um_label_ds15,6,"473,473,273",200,1,0.243995,y,original,ok,3.438824296121068,89.17013629991561,"porespy3.0.4 tortuosity_fd default: openpnm3.6.3 PyamgRugeStubenSolver(tol=1e-8,maxiter=1000)",,E:\PROJECTS\Yael_Mishael\Rony\remote_computer backup\nnUNet4SoilXrayCT\05_evaluation\psd\pom_analysis_20260829_roi_expansion\pipeline_work\mishmar_second_8p8um\mishmar_second_8p8um_label_downsample.nii.gz,5
Loess,mishmar_2_8p8um_label_ds15,6,"473,473,273",200,2,0.243995,y,original,ok,2.561696854895036,89.57140550017357,"porespy3.0.4 tortuosity_fd default: openpnm3.6.3 PyamgRugeStubenSolver(tol=1e-8,maxiter=1000)",,E:\PROJECTS\Yael_Mishael\Rony\remote_computer backup\nnUNet4SoilXrayCT\05_evaluation\psd\pom_analysis_20260829_roi_expansion\pipeline_work\mishmar_second_8p8um\mishmar_second_8p8um_label_downsample.nii.gz,5
Loess,mishmar_2_8p8um_label_ds15,7,"473,473,673",200,0,0.2627905,y,original,ok,3.7114746967717567,94.9298235999886,"porespy3.0.4 tortuosity_fd default: openpnm3.6.3 PyamgRugeStubenSolver(tol=1e-8,maxiter=1000)",,E:\PROJECTS\Yael_Mishael\Rony\remote_computer backup\nnUNet4SoilXrayCT\05_evaluation\psd\pom_analysis_20260829_roi_expansion\pipeline_work\mishmar_second_8p8um\mishmar_second_8p8um_label_downsample.nii.gz,5
Loess,mishmar_2_8p8um_label_ds15,7,"473,473,673",200,1,0.2627905,y,original,timeout,,175.61151695251465,"porespy3.0.4 tortuosity_fd default: openpnm3.6.3 PyamgRugeStubenSolver(tol=1e-8,maxiter=1000)",timeout>175.0s,E:\PROJECTS\Yael_Mishael\Rony\remote_computer backup\nnUNet4SoilXrayCT\05_evaluation\psd\pom_analysis_20260829_roi_expansion\pipeline_work\mishmar_second_8p8um\mishmar_second_8p8um_label_downsample.nii.gz,5
Loess,mishmar_2_8p8um_label_ds15,7,"473,473,673",200,2,0.2627905,y,original,ok,3.235932528489029,93.55926690017805,"porespy3.0.4 tortuosity_fd default: openpnm3.6.3 PyamgRugeStubenSolver(tol=1e-8,maxiter=1000)",,E:\PROJECTS\Yael_Mishael\Rony\remote_computer backup\nnUNet4SoilXrayCT\05_evaluation\psd\pom_analysis_20260829_roi_expansion\pipeline_work\mishmar_second_8p8um\mishmar_second_8p8um_label_downsample.nii.gz,5
Loess,Cu011_samp_2,0,"25,25,11",200,0,0.232323,y,original,ok,2.5720732984298555,56.27550930017605,"porespy3.0.4 tortuosity_fd default: openpnm3.6.3 PyamgRugeStubenSolver(tol=1e-8,maxiter=1000)",,E:\PROJECTS\Yael_Mishael\Rony\remote_computer backup\nnUNet_resources\mishmar_hanegev_Cu011_samp_2_Rec_nlm\inference_output_concat_loess_i2\mishmar_hanegev_Cu011_samp_2_Rec_nlm.nii.gz,5
Loess,Cu011_samp_2,0,"25,25,11",200,1,0.232323,y,original,ok,1.8261269044742847,115.16303699999116,"porespy3.0.4 tortuosity_fd default: openpnm3.6.3 PyamgRugeStubenSolver(tol=1e-8,maxiter=1000)",,E:\PROJECTS\Yael_Mishael\Rony\remote_computer backup\nnUNet_resources\mishmar_hanegev_Cu011_samp_2_Rec_nlm\inference_output_concat_loess_i2\mishmar_hanegev_Cu011_samp_2_Rec_nlm.nii.gz,5
Loess,Cu011_samp_2,0,"25,25,11",200,2,0.232323,y,original,ok,37.65570937491702,80.00934790004976,"porespy3.0.4 tortuosity_fd default: openpnm3.6.3 PyamgRugeStubenSolver(tol=1e-8,maxiter=1000)",,E:\PROJECTS\Yael_Mishael\Rony\remote_computer backup\nnUNet_resources\mishmar_hanegev_Cu011_samp_2_Rec_nlm\inference_output_concat_loess_i2\mishmar_hanegev_Cu011_samp_2_Rec_nlm.nii.gz,5
Loess,Cu011_samp_2,1,"25,225,211",200,0,0.22258375,y,original,ok,3.05397790732912,49.81640819995664,"porespy3.0.4 tortuosity_fd default: openpnm3.6.3 PyamgRugeStubenSolver(tol=1e-8,maxiter=1000)",,E:\PROJECTS\Yael_Mishael\Rony\remote_computer backup\nnUNet_resources\mishmar_hanegev_Cu011_samp_2_Rec_nlm\inference_output_concat_loess_i2\mishmar_hanegev_Cu011_samp_2_Rec_nlm.nii.gz,5
Loess,Cu011_samp_2,1,"25,225,211",200,1,0.22258375,y,original,ok,3.5590220118146245,46.71480459999293,"porespy3.0.4 tortuosity_fd default: openpnm3.6.3 PyamgRugeStubenSolver(tol=1e-8,maxiter=1000)",,E:\PROJECTS\Yael_Mishael\Rony\remote_computer backup\nnUNet_resources\mishmar_hanegev_Cu011_samp_2_Rec_nlm\inference_output_concat_loess_i2\mishmar_hanegev_Cu011_samp_2_Rec_nlm.nii.gz,5
Loess,Cu011_samp_2,1,"25,225,211",200,2,0.22258375,y,original,ok,3.976953006055122,58.1969418998342,"porespy3.0.4 tortuosity_fd default: openpnm3.6.3 PyamgRugeStubenSolver(tol=1e-8,maxiter=1000)",,E:\PROJECTS\Yael_Mishael\Rony\remote_computer backup\nnUNet_resources\mishmar_hanegev_Cu011_samp_2_Rec_nlm\inference_output_concat_loess_i2\mishmar_hanegev_Cu011_samp_2_Rec_nlm.nii.gz,5
Loess,Cu011_samp_2,2,"25,425,411",200,0,0.31190125,y,original,ok,2.1384367023791104,62.96665129996836,"porespy3.0.4 tortuosity_fd default: openpnm3.6.3 PyamgRugeStubenSolver(tol=1e-8,maxiter=1000)",,E:\PROJECTS\Yael_Mishael\Rony\remote_computer backup\nnUNet_resources\mishmar_hanegev_Cu011_samp_2_Rec_nlm\inference_output_concat_loess_i2\mishmar_hanegev_Cu011_samp_2_Rec_nlm.nii.gz,5
Loess,Cu011_samp_2,2,"25,425,411",200,1,0.31190125,y,original,ok,2.2055486739104206,64.37625449988991,"porespy3.0.4 tortuosity_fd default: openpnm3.6.3 PyamgRugeStubenSolver(tol=1e-8,maxiter=1000)",,E:\PROJECTS\Yael_Mishael\Rony\remote_computer backup\nnUNet_resources\mishmar_hanegev_Cu011_samp_2_Rec_nlm\inference_output_concat_loess_i2\mishmar_hanegev_Cu011_samp_2_Rec_nlm.nii.gz,5
Loess,Cu011_samp_2,2,"25,425,411",200,2,0.31190125,y,original,ok,2.933469317430613,74.58983629988506,"porespy3.0.4 tortuosity_fd default: openpnm3.6.3 PyamgRugeStubenSolver(tol=1e-8,maxiter=1000)",,E:\PROJECTS\Yael_Mishael\Rony\remote_computer backup\nnUNet_resources\mishmar_hanegev_Cu011_samp_2_Rec_nlm\inference_output_concat_loess_i2\mishmar_hanegev_Cu011_samp_2_Rec_nlm.nii.gz,5
Loess,Cu011_samp_2,3,"225,25,611",200,0,0.231828375,y,original,ok,2.9603468492158758,58.48763380013406,"porespy3.0.4 tortuosity_fd default: openpnm3.6.3 PyamgRugeStubenSolver(tol=1e-8,maxiter=1000)",,E:\PROJECTS\Yael_Mishael\Rony\remote_computer backup\nnUNet_resources\mishmar_hanegev_Cu011_samp_2_Rec_nlm\inference_output_concat_loess_i2\mishmar_hanegev_Cu011_samp_2_Rec_nlm.nii.gz,5
Loess,Cu011_samp_2,3,"225,25,611",200,1,0.231828375,y,original,ok,3.33826449336375,55.55423070001416,"porespy3.0.4 tortuosity_fd default: openpnm3.6.3 PyamgRugeStubenSolver(tol=1e-8,maxiter=1000)",,E:\PROJECTS\Yael_Mishael\Rony\remote_computer backup\nnUNet_resources\mishmar_hanegev_Cu011_samp_2_Rec_nlm\inference_output_concat_loess_i2\mishmar_hanegev_Cu011_samp_2_Rec_nlm.nii.gz,5
Loess,Cu011_samp_2,3,"225,25,611",200,2,0.231828375,y,original,ok,4.023969456344413,76.21632050001062,"porespy3.0.4 tortuosity_fd default: openpnm3.6.3 PyamgRugeStubenSolver(tol=1e-8,maxiter=1000)",,E:\PROJECTS\Yael_Mishael\Rony\remote_computer backup\nnUNet_resources\mishmar_hanegev_Cu011_samp_2_Rec_nlm\inference_output_concat_loess_i2\mishmar_hanegev_Cu011_samp_2_Rec_nlm.nii.gz,5
Loess,Cu011_samp_2,4,"225,425,11",200,0,0.320395,y,original,ok,2.381452463011896,73.1847607998643,"porespy3.0.4 tortuosity_fd default: openpnm3.6.3 PyamgRugeStubenSolver(tol=1e-8,maxiter=1000)",,E:\PROJECTS\Yael_Mishael\Rony\remote_computer backup\nnUNet_resources\mishmar_hanegev_Cu011_samp_2_Rec_nlm\inference_output_concat_loess_i2\mishmar_hanegev_Cu011_samp_2_Rec_nlm.nii.gz,5
Loess,Cu011_samp_2,4,"225,425,11",200,1,0.320395,y,original,ok,1.995099563579549,81.62493849988095,"porespy3.0.4 tortuosity_fd default: openpnm3.6.3 PyamgRugeStubenSolver(tol=1e-8,maxiter=1000)",,E:\PROJECTS\Yael_Mishael\Rony\remote_computer backup\nnUNet_resources\mishmar_hanegev_Cu011_samp_2_Rec_nlm\inference_output_concat_loess_i2\mishmar_hanegev_Cu011_samp_2_Rec_nlm.nii.gz,5
Loess,Cu011_samp_2,4,"225,425,11",200,2,0.320395,y,original,ok,2.8928884783653057,82.41136549995281,"porespy3.0.4 tortuosity_fd default: openpnm3.6.3 PyamgRugeStubenSolver(tol=1e-8,maxiter=1000)",,E:\PROJECTS\Yael_Mishael\Rony\remote_computer backup\nnUNet_resources\mishmar_hanegev_Cu011_samp_2_Rec_nlm\inference_output_concat_loess_i2\mishmar_hanegev_Cu011_samp_2_Rec_nlm.nii.gz,5
Loess,Cu011_samp_2,5,"425,25,211",200,0,0.2848535,y,original,ok,2.224242519554087,57.39673950010911,"porespy3.0.4 tortuosity_fd default: openpnm3.6.3 PyamgRugeStubenSolver(tol=1e-8,maxiter=1000)",,E:\PROJECTS\Yael_Mishael\Rony\remote_computer backup\nnUNet_resources\mishmar_hanegev_Cu011_samp_2_Rec_nlm\inference_output_concat_loess_i2\mishmar_hanegev_Cu011_samp_2_Rec_nlm.nii.gz,5
Loess,Cu011_samp_2,5,"425,25,211",200,1,0.2848535,y,original,ok,2.995030723812389,58.26081460015848,"porespy3.0.4 tortuosity_fd default: openpnm3.6.3 PyamgRugeStubenSolver(tol=1e-8,maxiter=1000)",,E:\PROJECTS\Yael_Mishael\Rony\remote_computer backup\nnUNet_resources\mishmar_hanegev_Cu011_samp_2_Rec_nlm\inference_output_concat_loess_i2\mishmar_hanegev_Cu011_samp_2_Rec_nlm.nii.gz,5
Loess,Cu011_samp_2,5,"425,25,211",200,2,0.2848535,y,original,ok,4.3523387913763845,66.97501409985125,"porespy3.0.4 tortuosity_fd default: openpnm3.6.3 PyamgRugeStubenSolver(tol=1e-8,maxiter=1000)",,E:\PROJECTS\Yael_Mishael\Rony\remote_computer backup\nnUNet_resources\mishmar_hanegev_Cu011_samp_2_Rec_nlm\inference_output_concat_loess_i2\mishmar_hanegev_Cu011_samp_2_Rec_nlm.nii.gz,5
Loess,Cu011_samp_2,6,"425,225,411",200,0,0.26391575,y,original,ok,3.622951440744774,60.27273459988646,"porespy3.0.4 tortuosity_fd default: openpnm3.6.3 PyamgRugeStubenSolver(tol=1e-8,maxiter=1000)",,E:\PROJECTS\Yael_Mishael\Rony\remote_computer backup\nnUNet_resources\mishmar_hanegev_Cu011_samp_2_Rec_nlm\inference_output_concat_loess_i2\mishmar_hanegev_Cu011_samp_2_Rec_nlm.nii.gz,5
Loess,Cu011_samp_2,6,"425,225,411",200,1,0.26391575,y,original,ok,2.7489548132664523,60.59334010002203,"porespy3.0.4 tortuosity_fd default: openpnm3.6.3 PyamgRugeStubenSolver(tol=1e-8,maxiter=1000)",,E:\PROJECTS\Yael_Mishael\Rony\remote_computer backup\nnUNet_resources\mishmar_hanegev_Cu011_samp_2_Rec_nlm\inference_output_concat_loess_i2\mishmar_hanegev_Cu011_samp_2_Rec_nlm.nii.gz,5
Loess,Cu011_samp_2,6,"425,225,411",200,2,0.26391575,y,original,ok,2.740452664261329,63.64280980010517,"porespy3.0.4 tortuosity_fd default: openpnm3.6.3 PyamgRugeStubenSolver(tol=1e-8,maxiter=1000)",,E:\PROJECTS\Yael_Mishael\Rony\remote_computer backup\nnUNet_resources\mishmar_hanegev_Cu011_samp_2_Rec_nlm\inference_output_concat_loess_i2\mishmar_hanegev_Cu011_samp_2_Rec_nlm.nii.gz,5
Loess,Cu011_samp_2,7,"425,425,611",200,0,0.208463,y,original,ok,3.0931297464350784,60.0296856998466,"porespy3.0.4 tortuosity_fd default: openpnm3.6.3 PyamgRugeStubenSolver(tol=1e-8,maxiter=1000)",,E:\PROJECTS\Yael_Mishael\Rony\remote_computer backup\nnUNet_resources\mishmar_hanegev_Cu011_samp_2_Rec_nlm\inference_output_concat_loess_i2\mishmar_hanegev_Cu011_samp_2_Rec_nlm.nii.gz,5
Loess,Cu011_samp_2,7,"425,425,611",200,1,0.208463,y,original,ok,5.462873707699807,52.89075499982573,"porespy3.0.4 tortuosity_fd default: openpnm3.6.3 PyamgRugeStubenSolver(tol=1e-8,maxiter=1000)",,E:\PROJECTS\Yael_Mishael\Rony\remote_computer backup\nnUNet_resources\mishmar_hanegev_Cu011_samp_2_Rec_nlm\inference_output_concat_loess_i2\mishmar_hanegev_Cu011_samp_2_Rec_nlm.nii.gz,5
Loess,Cu011_samp_2,7,"425,425,611",200,2,0.208463,y,original,ok,2.7803372903753845,49.9973504000809,"porespy3.0.4 tortuosity_fd default: openpnm3.6.3 PyamgRugeStubenSolver(tol=1e-8,maxiter=1000)",,E:\PROJECTS\Yael_Mishael\Rony\remote_computer backup\nnUNet_resources\mishmar_hanegev_Cu011_samp_2_Rec_nlm\inference_output_concat_loess_i2\mishmar_hanegev_Cu011_samp_2_Rec_nlm.nii.gz,5
Sand,Rehovot_samp2_highkV_Cu0.11_15um,0,"25,25,25",200,0,0.3334875,y,original,ok,3.532024515209674,67.0913903999608,"porespy3.0.4 tortuosity_fd default: openpnm3.6.3 PyamgRugeStubenSolver(tol=1e-8,maxiter=1000)",,E:\PROJECTS\Yael_Mishael\Rony\remote_computer backup\10.5\rehovot_samp_2.npy,1
Sand,Rehovot_samp2_highkV_Cu0.11_15um,0,"25,25,25",200,1,0.3334875,y,original,ok,3.1448140165317104,65.82369320001453,"porespy3.0.4 tortuosity_fd default: openpnm3.6.3 PyamgRugeStubenSolver(tol=1e-8,maxiter=1000)",,E:\PROJECTS\Yael_Mishael\Rony\remote_computer backup\10.5\rehovot_samp_2.npy,1
Sand,Rehovot_samp2_highkV_Cu0.11_15um,0,"25,25,25",200,2,0.3334875,y,original,ok,3.0722746775230805,66.85707330005243,"porespy3.0.4 tortuosity_fd default: openpnm3.6.3 PyamgRugeStubenSolver(tol=1e-8,maxiter=1000)",,E:\PROJECTS\Yael_Mishael\Rony\remote_computer backup\10.5\rehovot_samp_2.npy,1
Sand,Rehovot_samp2_highkV_Cu0.11_15um,1,"25,225,225",200,0,0.241687875,y,original,ok,6.233538610843636,48.96835280000232,"porespy3.0.4 tortuosity_fd default: openpnm3.6.3 PyamgRugeStubenSolver(tol=1e-8,maxiter=1000)",,E:\PROJECTS\Yael_Mishael\Rony\remote_computer backup\10.5\rehovot_samp_2.npy,1
Sand,Rehovot_samp2_highkV_Cu0.11_15um,1,"25,225,225",200,1,0.241687875,y,original,ok,4.347142289849936,63.06146520003677,"porespy3.0.4 tortuosity_fd default: openpnm3.6.3 PyamgRugeStubenSolver(tol=1e-8,maxiter=1000)",,E:\PROJECTS\Yael_Mishael\Rony\remote_computer backup\10.5\rehovot_samp_2.npy,1
Sand,Rehovot_samp2_highkV_Cu0.11_15um,1,"25,225,225",200,2,0.241687875,y,original,ok,3.6995234094329343,75.83927500015125,"porespy3.0.4 tortuosity_fd default: openpnm3.6.3 PyamgRugeStubenSolver(tol=1e-8,maxiter=1000)",,E:\PROJECTS\Yael_Mishael\Rony\remote_computer backup\10.5\rehovot_samp_2.npy,1
Sand,Rehovot_samp2_highkV_Cu0.11_15um,2,"25,425,225",200,0,0.369542,y,original,ok,2.3660430630894616,80.68413439998403,"porespy3.0.4 tortuosity_fd default: openpnm3.6.3 PyamgRugeStubenSolver(tol=1e-8,maxiter=1000)",,E:\PROJECTS\Yael_Mishael\Rony\remote_computer backup\10.5\rehovot_samp_2.npy,1
Sand,Rehovot_samp2_highkV_Cu0.11_15um,2,"25,425,225",200,1,0.369542,y,original,ok,2.976932766600735,70.22913799993694,"porespy3.0.4 tortuosity_fd default: openpnm3.6.3 PyamgRugeStubenSolver(tol=1e-8,maxiter=1000)",,E:\PROJECTS\Yael_Mishael\Rony\remote_computer backup\10.5\rehovot_samp_2.npy,1
Sand,Rehovot_samp2_highkV_Cu0.11_15um,2,"25,425,225",200,2,0.369542,y,original,ok,2.5571408201381103,74.49734899983741,"porespy3.0.4 tortuosity_fd default: openpnm3.6.3 PyamgRugeStubenSolver(tol=1e-8,maxiter=1000)",,E:\PROJECTS\Yael_Mishael\Rony\remote_computer backup\10.5\rehovot_samp_2.npy,1
Sand,Rehovot_samp2_highkV_Cu0.11_15um,3,"225,25,425",200,0,0.265673375,y,original,ok,5.789799077526619,69.97368180006742,"porespy3.0.4 tortuosity_fd default: openpnm3.6.3 PyamgRugeStubenSolver(tol=1e-8,maxiter=1000)",,E:\PROJECTS\Yael_Mishael\Rony\remote_computer backup\10.5\rehovot_samp_2.npy,1
Sand,Rehovot_samp2_highkV_Cu0.11_15um,3,"225,25,425",200,1,0.265673375,y,original,ok,4.4493289683320425,66.12537249992602,"porespy3.0.4 tortuosity_fd default: openpnm3.6.3 PyamgRugeStubenSolver(tol=1e-8,maxiter=1000)",,E:\PROJECTS\Yael_Mishael\Rony\remote_computer backup\10.5\rehovot_samp_2.npy,1
Sand,Rehovot_samp2_highkV_Cu0.11_15um,3,"225,25,425",200,2,0.265673375,y,original,ok,3.6876221234889353,58.93354890006594,"porespy3.0.4 tortuosity_fd default: openpnm3.6.3 PyamgRugeStubenSolver(tol=1e-8,maxiter=1000)",,E:\PROJECTS\Yael_Mishael\Rony\remote_computer backup\10.5\rehovot_samp_2.npy,1
Sand,Rehovot_samp2_highkV_Cu0.11_15um,4,"225,425,25",200,0,0.278088375,y,original,ok,4.615643988875799,63.13508819998242,"porespy3.0.4 tortuosity_fd default: openpnm3.6.3 PyamgRugeStubenSolver(tol=1e-8,maxiter=1000)",,E:\PROJECTS\Yael_Mishael\Rony\remote_computer backup\10.5\rehovot_samp_2.npy,1
Sand,Rehovot_samp2_highkV_Cu0.11_15um,4,"225,425,25",200,1,0.278088375,y,original,ok,4.061666089519695,65.68378870002925,"porespy3.0.4 tortuosity_fd default: openpnm3.6.3 PyamgRugeStubenSolver(tol=1e-8,maxiter=1000)",,E:\PROJECTS\Yael_Mishael\Rony\remote_computer backup\10.5\rehovot_samp_2.npy,1
Sand,Rehovot_samp2_highkV_Cu0.11_15um,4,"225,425,25",200,2,0.278088375,y,original,ok,3.913093455471443,57.26745559996925,"porespy3.0.4 tortuosity_fd default: openpnm3.6.3 PyamgRugeStubenSolver(tol=1e-8,maxiter=1000)",,E:\PROJECTS\Yael_Mishael\Rony\remote_computer backup\10.5\rehovot_samp_2.npy,1
Sand,Rehovot_samp2_highkV_Cu0.11_15um,5,"425,25,225",200,0,0.336931875,y,original,ok,3.0281171128400177,63.62237960007042,"porespy3.0.4 tortuosity_fd default: openpnm3.6.3 PyamgRugeStubenSolver(tol=1e-8,maxiter=1000)",,E:\PROJECTS\Yael_Mishael\Rony\remote_computer backup\10.5\rehovot_samp_2.npy,1
Sand,Rehovot_samp2_highkV_Cu0.11_15um,5,"425,25,225",200,1,0.336931875,y,original,ok,3.345077137152543,71.18726559984498,"porespy3.0.4 tortuosity_fd default: openpnm3.6.3 PyamgRugeStubenSolver(tol=1e-8,maxiter=1000)",,E:\PROJECTS\Yael_Mishael\Rony\remote_computer backup\10.5\rehovot_samp_2.npy,1
Sand,Rehovot_samp2_highkV_Cu0.11_15um,5,"425,25,225",200,2,0.336931875,y,original,ok,2.5846817486513047,96.63617359986527,"porespy3.0.4 tortuosity_fd default: openpnm3.6.3 PyamgRugeStubenSolver(tol=1e-8,maxiter=1000)",,E:\PROJECTS\Yael_Mishael\Rony\remote_computer backup\10.5\rehovot_samp_2.npy,1
Sand,Rehovot_samp2_highkV_Cu0.11_15um,6,"425,225,225",200,0,0.32419575,y,original,ok,3.135293428571141,67.73177090007812,"porespy3.0.4 tortuosity_fd default: openpnm3.6.3 PyamgRugeStubenSolver(tol=1e-8,maxiter=1000)",,E:\PROJECTS\Yael_Mishael\Rony\remote_computer backup\10.5\rehovot_samp_2.npy,1
Sand,Rehovot_samp2_highkV_Cu0.11_15um,6,"425,225,225",200,1,0.32419575,y,original,ok,3.005950565433447,65.74277650006115,"porespy3.0.4 tortuosity_fd default: openpnm3.6.3 PyamgRugeStubenSolver(tol=1e-8,maxiter=1000)",,E:\PROJECTS\Yael_Mishael\Rony\remote_computer backup\10.5\rehovot_samp_2.npy,1
Sand,Rehovot_samp2_highkV_Cu0.11_15um,6,"425,225,225",200,2,0.32419575,y,original,ok,2.8200596060655165,63.83821800001897,"porespy3.0.4 tortuosity_fd default: openpnm3.6.3 PyamgRugeStubenSolver(tol=1e-8,maxiter=1000)",,E:\PROJECTS\Yael_Mishael\Rony\remote_computer backup\10.5\rehovot_samp_2.npy,1
Sand,Rehovot_samp2_highkV_Cu0.11_15um,7,"425,425,425",200,0,0.354556125,y,original,ok,3.0981053165619303,67.48576890002005,"porespy3.0.4 tortuosity_fd default: openpnm3.6.3 PyamgRugeStubenSolver(tol=1e-8,maxiter=1000)",,E:\PROJECTS\Yael_Mishael\Rony\remote_computer backup\10.5\rehovot_samp_2.npy,1
Sand,Rehovot_samp2_highkV_Cu0.11_15um,7,"425,425,425",200,1,0.354556125,y,original,ok,2.7780209699251377,68.6345367000904,"porespy3.0.4 tortuosity_fd default: openpnm3.6.3 PyamgRugeStubenSolver(tol=1e-8,maxiter=1000)",,E:\PROJECTS\Yael_Mishael\Rony\remote_computer backup\10.5\rehovot_samp_2.npy,1
Sand,Rehovot_samp2_highkV_Cu0.11_15um,7,"425,425,425",200,2,0.354556125,y,original,ok,2.564377667292342,65.30210730014369,"porespy3.0.4 tortuosity_fd default: openpnm3.6.3 PyamgRugeStubenSolver(tol=1e-8,maxiter=1000)",,E:\PROJECTS\Yael_Mishael\Rony\remote_computer backup\10.5\rehovot_samp_2.npy,1
Sand,Rehovot_samp3_highkV_Cu0.11_15um,0,"25,25,25",200,0,0.394739375,y,original,ok,2.4770925131940684,76.1417671001982,"porespy3.0.4 tortuosity_fd default: openpnm3.6.3 PyamgRugeStubenSolver(tol=1e-8,maxiter=1000)",,E:\PROJECTS\Yael_Mishael\Rony\remote_computer backup\10.5\Rehovot_samp3_highkV_Cu0.11_15um.npy,1
Sand,Rehovot_samp3_highkV_Cu0.11_15um,0,"25,25,25",200,1,0.394739375,y,original,ok,2.0549727611506494,77.50680020009167,"porespy3.0.4 tortuosity_fd default: openpnm3.6.3 PyamgRugeStubenSolver(tol=1e-8,maxiter=1000)",,E:\PROJECTS\Yael_Mishael\Rony\remote_computer backup\10.5\Rehovot_samp3_highkV_Cu0.11_15um.npy,1
Sand,Rehovot_samp3_highkV_Cu0.11_15um,0,"25,25,25",200,2,0.394739375,y,original,ok,2.0613332412126097,72.64950439985842,"porespy3.0.4 tortuosity_fd default: openpnm3.6.3 PyamgRugeStubenSolver(tol=1e-8,maxiter=1000)",,E:\PROJECTS\Yael_Mishael\Rony\remote_computer backup\10.5\Rehovot_samp3_highkV_Cu0.11_15um.npy,1
Sand,Rehovot_samp3_highkV_Cu0.11_15um,1,"25,225,225",200,0,0.45329825,y,original,ok,1.9485665197667104,80.58464609994553,"porespy3.0.4 tortuosity_fd default: openpnm3.6.3 PyamgRugeStubenSolver(tol=1e-8,maxiter=1000)",,E:\PROJECTS\Yael_Mishael\Rony\remote_computer backup\10.5\Rehovot_samp3_highkV_Cu0.11_15um.npy,1
Sand,Rehovot_samp3_highkV_Cu0.11_15um,1,"25,225,225",200,1,0.45329825,y,original,ok,1.9858640671971275,86.0419169999659,"porespy3.0.4 tortuosity_fd default: openpnm3.6.3 PyamgRugeStubenSolver(tol=1e-8,maxiter=1000)",,E:\PROJECTS\Yael_Mishael\Rony\remote_computer backup\10.5\Rehovot_samp3_highkV_Cu0.11_15um.npy,1
Sand,Rehovot_samp3_highkV_Cu0.11_15um,1,"25,225,225",200,2,0.45329825,y,original,ok,1.8203445589381744,82.04364019981585,"porespy3.0.4 tortuosity_fd default: openpnm3.6.3 PyamgRugeStubenSolver(tol=1e-8,maxiter=1000)",,E:\PROJECTS\Yael_Mishael\Rony\remote_computer backup\10.5\Rehovot_samp3_highkV_Cu0.11_15um.npy,1
Sand,Rehovot_samp3_highkV_Cu0.11_15um,2,"25,425,225",200,0,0.405357,y,original,ok,2.3401324492350466,79.039977400098,"porespy3.0.4 tortuosity_fd default: openpnm3.6.3 PyamgRugeStubenSolver(tol=1e-8,maxiter=1000)",,E:\PROJECTS\Yael_Mishael\Rony\remote_computer backup\10.5\Rehovot_samp3_highkV_Cu0.11_15um.npy,1
Sand,Rehovot_samp3_highkV_Cu0.11_15um,2,"25,425,225",200,1,0.405357,y,original,ok,2.200180778908992,76.19652389991097,"porespy3.0.4 tortuosity_fd default: openpnm3.6.3 PyamgRugeStubenSolver(tol=1e-8,maxiter=1000)",,E:\PROJECTS\Yael_Mishael\Rony\remote_computer backup\10.5\Rehovot_samp3_highkV_Cu0.11_15um.npy,1
Sand,Rehovot_samp3_highkV_Cu0.11_15um,2,"25,425,225",200,2,0.405357,y,original,ok,2.017882170501466,73.79053479991853,"porespy3.0.4 tortuosity_fd default: openpnm3.6.3 PyamgRugeStubenSolver(tol=1e-8,maxiter=1000)",,E:\PROJECTS\Yael_Mishael\Rony\remote_computer backup\10.5\Rehovot_samp3_highkV_Cu0.11_15um.npy,1
Sand,Rehovot_samp3_highkV_Cu0.11_15um,3,"225,25,425",200,0,0.40073825,y,original,ok,2.4773852602835875,71.70369440014474,"porespy3.0.4 tortuosity_fd default: openpnm3.6.3 PyamgRugeStubenSolver(tol=1e-8,maxiter=1000)",,E:\PROJECTS\Yael_Mishael\Rony\remote_computer backup\10.5\Rehovot_samp3_highkV_Cu0.11_15um.npy,1
Sand,Rehovot_samp3_highkV_Cu0.11_15um,3,"225,25,425",200,1,0.40073825,y,original,ok,2.0585523425213825,72.92529280018061,"porespy3.0.4 tortuosity_fd default: openpnm3.6.3 PyamgRugeStubenSolver(tol=1e-8,maxiter=1000)",,E:\PROJECTS\Yael_Mishael\Rony\remote_computer backup\10.5\Rehovot_samp3_highkV_Cu0.11_15um.npy,1
Sand,Rehovot_samp3_highkV_Cu0.11_15um,3,"225,25,425",200,2,0.40073825,y,original,ok,1.9518584276266704,70.4577174000442,"porespy3.0.4 tortuosity_fd default: openpnm3.6.3 PyamgRugeStubenSolver(tol=1e-8,maxiter=1000)",,E:\PROJECTS\Yael_Mishael\Rony\remote_computer backup\10.5\Rehovot_samp3_highkV_Cu0.11_15um.npy,1
Sand,Rehovot_samp3_highkV_Cu0.11_15um,4,"225,425,25",200,0,0.425219,y,original,ok,2.241000212107705,81.94438840006478,"porespy3.0.4 tortuosity_fd default: openpnm3.6.3 PyamgRugeStubenSolver(tol=1e-8,maxiter=1000)",,E:\PROJECTS\Yael_Mishael\Rony\remote_computer backup\10.5\Rehovot_samp3_highkV_Cu0.11_15um.npy,1
Sand,Rehovot_samp3_highkV_Cu0.11_15um,4,"225,425,25",200,1,0.425219,y,original,ok,2.0836258550865585,77.54917389992625,"porespy3.0.4 tortuosity_fd default: openpnm3.6.3 PyamgRugeStubenSolver(tol=1e-8,maxiter=1000)",,E:\PROJECTS\Yael_Mishael\Rony\remote_computer backup\10.5\Rehovot_samp3_highkV_Cu0.11_15um.npy,1
Sand,Rehovot_samp3_highkV_Cu0.11_15um,4,"225,425,25",200,2,0.425219,y,original,ok,1.8897174904317184,85.39049630006775,"porespy3.0.4 tortuosity_fd default: openpnm3.6.3 PyamgRugeStubenSolver(tol=1e-8,maxiter=1000)",,E:\PROJECTS\Yael_Mishael\Rony\remote_computer backup\10.5\Rehovot_samp3_highkV_Cu0.11_15um.npy,1
Sand,Rehovot_samp3_highkV_Cu0.11_15um,5,"425,25,225",200,0,0.44913075,y,original,ok,2.134239980064428,83.13474670005962,"porespy3.0.4 tortuosity_fd default: openpnm3.6.3 PyamgRugeStubenSolver(tol=1e-8,maxiter=1000)",,E:\PROJECTS\Yael_Mishael\Rony\remote_computer backup\10.5\Rehovot_samp3_highkV_Cu0.11_15um.npy,1
Sand,Rehovot_samp3_highkV_Cu0.11_15um,5,"425,25,225",200,1,0.44913075,y,original,ok,2.032238009591865,81.70690420013852,"porespy3.0.4 tortuosity_fd default: openpnm3.6.3 PyamgRugeStubenSolver(tol=1e-8,maxiter=1000)",,E:\PROJECTS\Yael_Mishael\Rony\remote_computer backup\10.5\Rehovot_samp3_highkV_Cu0.11_15um.npy,1
Sand,Rehovot_samp3_highkV_Cu0.11_15um,5,"425,25,225",200,2,0.44913075,y,original,ok,1.812440388169156,78.4353434999939,"porespy3.0.4 tortuosity_fd default: openpnm3.6.3 PyamgRugeStubenSolver(tol=1e-8,maxiter=1000)",,E:\PROJECTS\Yael_Mishael\Rony\remote_computer backup\10.5\Rehovot_samp3_highkV_Cu0.11_15um.npy,1
Sand,Rehovot_samp3_highkV_Cu0.11_15um,6,"425,225,225",200,0,0.520888625,y,original,ok,1.8983599447406383,124.69208660000004,"porespy3.0.4 tortuosity_fd default: openpnm3.6.3 PyamgRugeStubenSolver(tol=1e-8,maxiter=1000)",,E:\PROJECTS\Yael_Mishael\Rony\remote_computer backup\10.5\Rehovot_samp3_highkV_Cu0.11_15um.npy,1
Sand,Rehovot_samp3_highkV_Cu0.11_15um,6,"425,225,225",200,1,0.520888625,y,original,ok,1.8083425186559272,105.54977259994484,"porespy3.0.4 tortuosity_fd default: openpnm3.6.3 PyamgRugeStubenSolver(tol=1e-8,maxiter=1000)",,E:\PROJECTS\Yael_Mishael\Rony\remote_computer backup\10.5\Rehovot_samp3_highkV_Cu0.11_15um.npy,1
Sand,Rehovot_samp3_highkV_Cu0.11_15um,6,"425,225,225",200,2,0.520888625,y,original,ok,1.5618211977976229,104.85880229994656,"porespy3.0.4 tortuosity_fd default: openpnm3.6.3 PyamgRugeStubenSolver(tol=1e-8,maxiter=1000)",,E:\PROJECTS\Yael_Mishael\Rony\remote_computer backup\10.5\Rehovot_samp3_highkV_Cu0.11_15um.npy,1
Sand,Rehovot_samp3_highkV_Cu0.11_15um,7,"425,425,425",200,0,0.335859875,y,original,ok,7.827515072557475,109.20996570005082,"porespy3.0.4 tortuosity_fd default: openpnm3.6.3 PyamgRugeStubenSolver(tol=1e-8,maxiter=1000)",,E:\PROJECTS\Yael_Mishael\Rony\remote_computer backup\10.5\Rehovot_samp3_highkV_Cu0.11_15um.npy,1
Sand,Rehovot_samp3_highkV_Cu0.11_15um,7,"425,425,425",200,1,0.335859875,y,original,ok,2.1236893509505705,78.343633600045,"porespy3.0.4 tortuosity_fd default: openpnm3.6.3 PyamgRugeStubenSolver(tol=1e-8,maxiter=1000)",,E:\PROJECTS\Yael_Mishael\Rony\remote_computer backup\10.5\Rehovot_samp3_highkV_Cu0.11_15um.npy,1
Sand,Rehovot_samp3_highkV_Cu0.11_15um,7,"425,425,425",200,2,0.335859875,y,original,ok,2.0510055769198225,64.67589240008965,"porespy3.0.4 tortuosity_fd default: openpnm3.6.3 PyamgRugeStubenSolver(tol=1e-8,maxiter=1000)",,E:\PROJECTS\Yael_Mishael\Rony\remote_computer backup\10.5\Rehovot_samp3_highkV_Cu0.11_15um.npy,1
